index,中文prompt,英文prompt,running_params,intent_summary,inferred_task_type,generation_instructions,traffic_code_analysis,score,is_qualified,evaluation_detail,reference_points_json,discard_elements_json
效果广告爆款_002,参考 the video 的切镜和动作，生成展示 Image 1 中的杯子的视频，把【星巴克】的台词和文字修改为【瑞幸】。,参考 the video 的切镜和动作，生成展示 Image 1 中的杯子的视频，把【星巴克】的台词和文字修改为【瑞幸】。,"{""duration"": ""11s"", ""aspect_ratio"": ""16:9"", ""prefer_multi_shots"": true}",将原视频中的星巴克杯子替换为图片中的瑞幸杯子，保留原有的切镜节奏和展示动作，并将台词与字幕中的品牌名称进行对应替换。,Edit,视觉层：在室内桌面背景下，生成展示白色瑞幸不锈钢杯（参考Image 1）的视频。严格复刻原视频的快切镜头和动作序列：依次展示往瑞幸杯中加冰块、倒咖啡、手持展示瑞幸杯身Logo、展示杯底、展示杯内，最后盖上盖子用力狂甩。画面字幕需将‘星巴克’修改为‘瑞幸’。音频层：保留原视频高昂的男声解说语气以及倒冰块、倒水、狂甩杯子的音效，将解说台词中的‘星巴克’精准替换为‘瑞幸’。,"{""visual_layer_hooks"": [""快节奏的特写切镜保持了极高的视觉吸引力，防止观众划走"", ""‘狂甩不漏’的夸张暴力测试动作直击保温杯用户痛点，具有极强的视觉冲击力和说服力"", ""冰块与咖啡交融的特写画面自带清凉感，容易激发观众的饮用欲望""], ""audio_layer_hooks"": [""‘竟然是送的’、‘高人指点’等充满悬念和情绪价值的开场白文案，能瞬间抓住听众的好奇心"", ""冰块撞击金属杯壁的清脆声和倒水声具有ASMR（自发性知觉经络反应）效果，提升了听觉层面的爽感""]}",34,False,1. 视觉主体替换失败且前后不一致：视频前两个镜头（倒冰块、倒咖啡）依然使用的是原视频的黑色星巴克杯，未能替换为指定的白色瑞幸杯，导致视频出现严重的穿帮。2. 音频生成质量极差：台词虽然替换了关键词，但开头出现了多余的AI配音，中间台词严重缺失（漏掉了一整句），且原视频的冰块、水流等环境音效全部丢失。,"{""assets_mapping"": [{""asset_id"": ""the video"", ""visual_layer"": {""subject_actions"": [""[P0] 用冰铲往杯中倒入冰块"", ""[P0] 手持一瓶咖啡往装有冰块的杯子中倒入咖啡"", ""[P0] 手持杯子展示杯身外观"", ""[P0] 翻转杯子展示杯底"", ""[P0] 展示杯子内部结构"", ""[P0] 盖上杯盖后，手持杯子上下用力狂甩""], ""editing_techniques"": [""[P0] 采用快切剪辑手法，紧凑衔接倒冰块、倒咖啡、展示杯身、杯底、杯内以及狂甩杯子的特写镜头""], ""environment"": [""[P1] 室内桌面场景，背景有百叶窗，桌面上摆放着多瓶瓶装咖啡饮料""], ""presentation_format"": [""[P1] 典型的短视频带货/产品展示体裁，通过连续的特写镜头和夸张的测试动作（狂甩）来突出产品卖点""]}, ""audio_layer"": {""dialogue_content"": [""[P0] 复用原视频的解说文案结构，但必须将台词中的‘星巴克’替换为‘瑞幸’（如：瑞幸背后肯定有高人指点）""], ""dialogue_style"": [""[P1] 充满惊喜感、情绪高昂的男声推销式解说语气""], ""sound_effects"": [""[P1] 冰块落入不锈钢杯的清脆撞击声"", ""[P1] 液体倒入杯中的水流声"", ""[P1] 狂甩杯子时内部冰块与杯壁剧烈撞击的声响""]}}, {""asset_id"": ""Image 1"", ""visual_layer"": {""entity_subject"": [""[P0] 一个白色的不锈钢随行杯，杯身呈上宽下窄的圆柱体，表面为哑光白色，杯身下方印有蓝色的瑞幸咖啡（luckin coffee）鹿头标志，杯口露出银色的不锈钢内胆边缘""]}, ""audio_layer"": {}}]}","{""visual_layer_discards"": [""原视频中的黑色渐变星巴克不锈钢杯及星巴克Logo"", ""原视频画面字幕中出现的‘星巴克’文字""], ""audio_layer_discards"": [""原音频台词中的‘星巴克’发音""]}"
效果广告爆款_003,参考 the video 中人物的动作，生成展示 object_1 的视频，将画外音和字幕变为：「多」和「新」，是两个关键字眼，也是这款号称拥有三个「全球首个」的折叠屏手机的最佳卖点概括。,"Referring to the actions of the characters in the video, generate a video demonstrating object_1, and change the voice-over and subtitles to: 「多」和「新」，是两个关键字眼，也是这款号称拥有三个「全球首个」的折叠屏手机的最佳卖点概括。","{""duration"": ""8s"", ""aspect_ratio"": ""16:9"", ""prefer_multi_shots"": false}",复用原视频中第一人称视角的双手展示与开合动作，将展示主体替换为图集中的华为三折叠屏手机，并生成全新的中文画外音与字幕。,Reference,生成一段第一人称视角的科技产品展示视频。视觉层：在纯白极简背景下，一双男性的手拿起一部华为红色三折叠屏手机（特征严格遵循object_1：红色素皮背板、金色边框、八角形镜头模组），在空中翻转展示背面后放回桌面，并单手展开折叠屏幕；画面需添加中文字幕：「多」和「新」，是两个关键字眼，也是这款号称拥有三个「全球首个」的折叠屏手机的最佳卖点概括。音频层：生成与字幕内容完全一致的专业男声画外音，并配合设备放置于桌面与展开屏幕时的真实物理音效。,"{""visual_layer_hooks"": [""第一人称沉浸式开箱视角带来的强烈代入感"", ""极简纯白背景营造的苹果风高级感与视觉绝对聚焦"", ""流畅丝滑的半空翻转动作，动态展现产品的轻薄度与工业设计""], ""audio_layer_hooks"": [""清脆悦耳的设备放置与开合物理音效，具有极强的ASMR解压属性"", ""自信沉稳的广告级解说节奏，提升产品的专业度与可信度""]}",49,False,核心P0动作要求严重缺失，视频中未能实现“翻转设备”、“放置于桌面”以及“单手展开”等关键动作。,"{""assets_mapping"": [{""asset_id"": ""the video"", ""visual_layer"": {""subject_actions"": [""[P0] 画面中一双男性的手从两侧抓握拿起设备，在半空中将其翻转以展示背面，随后将其平稳放置于桌面上，最后右手单手掀开/展开设备。""], ""composition"": [""[P1] 第一人称视角的近景特写，画面中心始终聚焦于双手与被展示的设备。""], ""environment"": [""[P1] 纯白色的极简无边际背景与桌面。""], ""presentation_format"": [""[P1] 科技产品开箱与外观细节展示体裁。""]}, ""audio_layer"": {""dialogue_style"": [""[P1] 专业、自信且节奏明快的科技产品广告男声解说语气。""], ""sound_effects"": [""[P1] 设备放置在桌面上的轻微碰撞声，以及打开设备时的物理摩擦/阻尼音效。""]}}, {""asset_id"": ""object_1"", ""visual_layer"": {""entity_subject"": [""[P0] 华为三折叠屏手机，外观特征包含：正红色的素皮材质背板、亮金色的金属边框与多重铰链结构、背部中央醒目的八角形后置摄像头模组（边缘带金边），以及背板上印有的'HUAWEI'和'ULTIMATE DESIGN'金色字样。""]}, ""audio_layer"": {}}]}","{""visual_layer_discards"": [""原视频中的 MacBook Neo 笔记本电脑主体"", ""原视频中的中英文字幕""], ""audio_layer_discards"": [""原视频中的英文画外音台词内容""]}"
效果广告爆款_004,参考 the video 的切镜和人物的动作，以object_1为主体，生成展示 Image 1 和Image 2 中的服饰的视频，保留原视频的背景音乐。,"Refer to the cuts and character actions in the video, using object_1 as the main subject, generate a video showcasing the outfits in Image 1 and Image 2, while retaining the original background music from the video.","{""duration"": ""5s"", ""aspect_ratio"": ""9:16"", ""prefer_multi_shots"": true}",结合原视频的变装特效、动作和音乐，将主体替换为指定的亚洲女性，并让其穿戴指定的黑色墨镜与黑色西装裙。,Reference,提取the video中的柏油路背景、人物向前走动并双手插兜的动作、以及衣服悬空飞向人物完成变装的特效剪辑手法；将视频主体替换为object_1中的黑发亚洲女性；在变装特效中，将飞向人物并最终穿戴在身上的服饰替换为Image 1中的侧边带金色'palm'字样的黑色墨镜，以及Image 2中的带金色纽扣的黑色短袖西装裙；音频层完全复用the video的英文节奏背景音乐。,"{""visual_layer_hooks"": [""极具视觉冲击力的'衣服悬空飞上身'无缝变装特效"", ""强烈的阳光与阴影对比营造的街头高级质感"", ""人物自信酷飒的步伐与姿态""], ""audio_layer_hooks"": [""节奏感极强、带有慵懒氛围的英文BGM，能够完美配合变装画面的视觉卡点""]}",28,False,严重缺失P0级别的核心视觉与动作元素：未实现服饰悬空飞向人物完成变装的特效剪辑，且人物未执行向前走动并双手插兜的动作。此外，音频层完全未复用原视频的背景音乐，音频P0项判定失败。,"{""assets_mapping"": [{""asset_id"": ""the video"", ""visual_layer"": {""editing_techniques"": [""[P0] 视频中独特的变装特效剪辑，即服饰部件在半空中悬浮出现，随后快速飞向并穿戴在人物身上的视觉呈现方式""], ""subject_actions"": [""[P0] 人物在画面中央迎面走来，步伐自信，变装完成后双手插进衣服口袋的动作""], ""environment"": [""[P1] 灰黑色的户外柏油路面，画面带有明显的阳光直射光影与人物投射在地面上的清晰阴影""], ""camera_movement"": [""[P1] 镜头保持固定机位，主体始终处于画面中央""]}, ""audio_layer"": {""music_exact"": [""[P0] 原视频中带有慵懒感和强烈鼓点节奏的英文流行背景音乐""]}}, {""asset_id"": ""Image 1"", ""visual_layer"": {""entity_subject"": [""[P0] 一副黑色的长方形粗框墨镜，其核心特征是宽大的镜腿侧面镶嵌有金色的哥特式“palm”字样金属装饰""]}, ""audio_layer"": {}}, {""asset_id"": ""Image 2"", ""visual_layer"": {""entity_subject"": [""[P0] 一件剪裁挺括的黑色短袖西装裙，采用双排扣收腰设计，腰际线处点缀有两颗醒目的金色圆形浮雕纽扣，左胸配有平直口袋""]}, ""audio_layer"": {}}, {""asset_id"": ""object_1"", ""visual_layer"": {""entity_subject"": [""[P0] 图集中展示的年轻亚洲女性特征，包括黑色的长卷发、白皙的皮肤、柔和的五官轮廓以及清秀的面容""]}, ""audio_layer"": {}}]}","{""visual_layer_discards"": [""原视频中的金发女性主体"", ""原视频中的黑色星星印花T恤及黑色阔腿裤"", ""原视频变装后的白色涂鸦连帽外套及同款长裤"", ""原视频中的银色边框墨镜""], ""audio_layer_discards"": []}"
效果广告爆款_005,将 the video 中的女人替换为 object_1 ，保持 the video 中人物的动作和周围运动效果。,"Replace the woman in the video with object_1, maintaining the actions of the character in the video and the surrounding motion effects.","{""duration"": ""6s"", ""aspect_ratio"": ""16:9"", ""prefer_multi_shots"": false}",将视频中的女主角替换为指定的亚洲女性图集形象，同时保留原视频的人物动作、背景环境及背景动态模糊特效。,Edit,将原视频中的主体人物替换为object_1中的亚洲女性（高马尾、黑色短款牛仔外套、白色露脐内搭、深蓝色破洞牛仔裤、白色厚底鞋）。保持人物在街道中央静止站立的动作，保留原视频的巴黎街道背景以及背景中强烈的动态模糊（时间流逝）特效，保留原视频的背景音乐。,"{""visual_layer_hooks"": [""主体绝对静止与背景强烈动态模糊形成的'时间静止'视觉反差"", ""极具时尚感的冷色调街拍质感""], ""audio_layer_hooks"": [""节奏感强、极具态度的流行说唱BGM，完美契合酷飒的街拍氛围""]}",70,False,音频严重偏离。指令要求保留原视频背景音乐，但生成视频完全替换了音频，丢失了原视频中的说唱人声/台词。,"{""assets_mapping"": [{""asset_id"": ""the video"", ""visual_layer"": {""environment"": [""[P0] 巴黎风格的街道，两侧为古典建筑，背景有行驶的汽车和行人""], ""subject_actions"": [""[P0] 人物站在街道中央，直视镜头，保持静止站立的姿态""], ""special_effects"": [""[P0] 背景呈现强烈的动态模糊（运动模糊）效果，营造出周围事物快速移动、时间流逝的视觉冲击""], ""visual_style"": [""[P1] 偏冷色调的时尚街拍风格""]}, ""audio_layer"": {""music_exact"": [""[P1] 节奏感强的说唱/流行背景音乐""]}}, {""asset_id"": ""object_1"", ""visual_layer"": {""entity_subject"": [""[P0] 年轻的亚洲女性，扎着高马尾，留着空气刘海，身穿黑色短款长袖牛仔外套，内搭白色露脐吊带，下穿深蓝色破洞微喇牛仔裤，脚踩白色厚底运动鞋，佩戴黑色心形项链和银色耳环""]}, ""audio_layer"": {}}]}","{""visual_layer_discards"": [""原视频中穿着卡其色风衣、腰间系着灰色衣服、戴着黑色帽子和墨镜的白人女性""], ""audio_layer_discards"": []}"
效果广告爆款_008,以 Image 1 为主体，服饰参考 object_1 中的服饰，参考 the video 视频效果，生成一段视频。,"Generate a video with Image 1 as the main subject, incorporating clothing from object_1 and referencing the video effects in the video.","{""duration"": ""12s"", ""aspect_ratio"": ""16:9"", ""prefer_multi_shots"": true}",将指定的男性主体换上图集中的前卫服饰，并套用原视频的时尚大片快切展示与特效风格生成新视频。,Reference,生成一段时尚展示视频。视觉上：主体必须是Image 1中的亚洲男性，身穿object_1中展示的前卫先锋服饰。画面需采用the video的极简背景和高级光影质感，运用快切剪辑、快速推拉镜头，在半身摆拍展示与服饰细节特写之间来回切换。必须加入相机取景框UI特效和时尚文字排版叠加。音频上：使用快节奏的电子时尚BGM，并在画面切换和取景框出现时配合清脆的相机快门音效。,"{""visual_layer_hooks"": [""极具视觉冲击力的快切剪辑"", ""高级时尚大片质感与极简背景"", ""取景框与文字排版特效带来的专业杂志感""], ""audio_layer_hooks"": [""动感洗脑的电子节奏"", ""清脆的快门音效增强节奏感和时尚拍摄代入感""]}",61.5,False,P0级别要求中缺失了关键的“文字叠加排版特效”以及“相机快门音效”；P1级别中背景设定偏离了“干净极简”的要求（使用了城市夜景）。,"{""assets_mapping"": [{""asset_id"": ""Image 1"", ""visual_layer"": {""entity_subject"": [""[P0] 亚洲男性主体，黑色短发，面部轮廓清晰，五官立体""]}, ""audio_layer"": {}}, {""asset_id"": ""object_1"", ""visual_layer"": {""entity_subject"": [""[P0] 前卫、夸张的先锋时尚服饰，如带有水钻/珍珠线条装饰的黑色套装、解构风破洞牛仔裤、带毛领的廓形西装或红黑拼接皮衣等""]}, ""audio_layer"": {}}, {""asset_id"": ""the video"", ""visual_layer"": {""camera_movement"": [""[P0] 快速的推拉镜头，多角度视角的迅速切换""], ""composition"": [""[P0] 人物半身景别与局部细节（如面部、服饰细节）的特写构图""], ""editing_techniques"": [""[P0] 极具节奏感的快切剪辑，配合音乐卡点的转场""], ""special_effects"": [""[P0] 模拟相机取景框的UI特效，以及时尚杂志风格的文字叠加排版特效""], ""visual_style"": [""[P1] 高级时尚大片质感，干净极简的背景，高对比度清晰光影""], ""subject_actions"": [""[P1] 模特在镜头前进行时尚杂志风格的冷酷摆拍动作""], ""presentation_format"": [""[P1] 类似时尚大片拍摄花絮或单品展示的动态体裁""]}, ""audio_layer"": {""sound_effects"": [""[P0] 清脆的相机快门音效，与画面中的取景框特效和剪辑点强绑定""], ""music_genre"": [""[P1] 快节奏、动感且具有时尚秀场氛围的电子背景音乐""]}}]}","{""visual_layer_discards"": [""the video 中的白人女性模特及主推的墨镜单品"", ""Image 1 中的深灰色风衣套装及跑车街景背景"", ""object_1 中的各路模特长相与背景""], ""audio_layer_discards"": []}"
效果广告爆款_009,以 object_1 为主体，参考 the video 视频中的运镜，构图，生成一段新的视频。,"Using object_1 as the main subject, refer to the camera movements and composition in the video to create a new video.","{""duration"": ""10s"", ""aspect_ratio"": ""9:16"", ""prefer_multi_shots"": false}",将图集 object_1 中的女性主体与 the video 的五等分水平分屏构图及多角度景别展示手法相结合，生成一段新的视频。,Reference,生成一段视频，画面采用五等分水平横向分屏构图。主体替换为指定的年轻亚洲女性（双麻花辫，穿黑色西装外套、白衬衫、带雪花胸针的黑领带、黑百褶裙和黑长筒袜）。五个分屏从上到下分别以固定机位同步展示该女性的：低角度特写、平视高角度、极近特写、四分之三侧面中景、全身广角。每个分屏左侧需保留对应的白色英文镜头术语排版文字。,"{""visual_layer_hooks"": [""极具视觉冲击力的五等分水平分屏构图，结合不同景别（特写、中景、全景）和机位角度的同步展示，配合专业的镜头术语文字排版，呈现出强烈的时尚大片质感和专业摄影教学感。""], ""audio_layer_hooks"": [""节奏感强烈的嘻哈/说唱风格背景音乐，带有男声rap，极大地增强了视频的动感、张力和时尚潮流氛围。""]}",63,True,,"{""assets_mapping"": [{""asset_id"": ""object_1"", ""visual_layer"": {""entity_subject"": [""[P0] 年轻亚洲女性，拥有精致妆容，棕色长发扎成双麻花辫，身穿黑色宽松西装外套、内搭白色衬衫、系着带有雪花水钻胸针的黑色领带，下身穿黑色百褶短裙和黑色长筒袜，留有白色长款美甲。""]}, ""audio_layer"": {}}, {""asset_id"": ""the video"", ""visual_layer"": {""camera_movement"": [""[P0] 静态机位拍摄，无明显的推拉摇移运动，依赖不同机位的固定角度进行展示。""], ""composition"": [""[P0] 画面被水平分割为五个等宽的横向条带，从上到下分别展示主体的不同景别和角度：低角度特写（LOW-ANGLE CLOSE-UP）、平视高角度（EYE-ANGLE HIGH ANGLE）、极近特写（TIGHT CLOSE-UP）、四分之三侧面中景（THREE-QUARTER SIDE SHOT）、全身广角（FULL-BODY WIDE SHOT）。""], ""presentation_format"": [""[P1] 多分屏画中画同步展示，每个分屏左侧带有描述该镜头角度和景别的白色无衬线英文字母排版。""]}, ""audio_layer"": {}}]}","{""visual_layer_discards"": [""the video中穿着黑色高领毛衣、戴着红色镜片墨镜的白种男子主体""], ""audio_layer_discards"": []}"
效果广告爆款_011,以 Image 1 为主体，参考 the video 视频中的运镜，视频效果，生成一段新的视频。,"Generate a new video using Image 1 as the main subject, referencing the camera movements and video effects from the video.","{""duration"": ""6s"", ""aspect_ratio"": ""9:16"", ""prefer_multi_shots"": true}",以图片中的双层黄金项链为主体，复用视频中打响指卡点转场的特写运镜与剪辑效果，生成一段展示该项链的新视频。,Reference,生成一段视频，画面主体替换为Image 1中的双层黄金项链（佩戴在女性模特的颈部）。保留the video中的特写构图、暖色调光影以及女性模特的局部特征。画面前景需出现涂有红色指甲油的手指打响指的动作，并配合响指动作与清脆音效，使用快切和卡点转场效果全方位展示该项链的细节与佩戴效果。背景音乐需具备强烈的节奏感以契合转场。,"{""visual_layer_hooks"": [""极具视觉冲击力的局部特写构图"", ""配合响指动作的丝滑卡点换物转场"", ""黄金首饰在暖光下的高级质感展现""], ""audio_layer_hooks"": [""清脆解压的响指音效"", ""节奏感极强的卡点背景音乐""]}",37,False,1. 核心视觉主体替换失败：未能生成Image 1中要求的双层项链及T型扣结构，仅生硬替换了局部吊坠。2. 音频关键元素缺失：丢失了原视频中配合转场的关键打响指音效，导致视听结合的卡点效果失效。,"{""assets_mapping"": [{""asset_id"": ""Image 1"", ""visual_layer"": {""entity_subject"": [""[P0] 一条双层黄金项链，上层为较粗的链条搭配T型扣，下层为细链条搭配带有镶钻C字母和菱格纹的长方形吊坠""]}, ""audio_layer"": {}}, {""asset_id"": ""the video"", ""visual_layer"": {""camera_movement"": [""[P0] 针对首饰佩戴部位的极近距离特写镜头，保持焦点在首饰上""], ""editing_techniques"": [""[P0] 配合前景动作（如打响指）进行的快速剪辑与无缝卡点转场""], ""entity_subject"": [""[P1] 佩戴首饰的女性模特局部特征（包括白皙的颈部肌肤、耳部以及涂有红色指甲油的手指）""], ""subject_actions"": [""[P1] 人物手指在画面前景打响指的动作""], ""composition"": [""[P1] 聚焦于人物局部（如颈部）的特写构图，虚化背景以突出首饰细节""], ""visual_style"": [""[P1] 柔和且富有质感的暖色调光影，强调黄金首饰的金属光泽与高级感""]}, ""audio_layer"": {""sound_effects"": [""[P1] 清脆的打响指音效，与画面的视觉转场严格同步""], ""music_genre"": [""[P1] 具有明显节奏感、适合配合动作卡点剪辑的背景音乐""]}}]}","{""visual_layer_discards"": [""the video中原有的多款黄金项链与耳环（被Image 1中的双层黄金项链替换）""], ""audio_layer_discards"": []}"
效果广告爆款_015,参考  the video 视频中的切镜效果，光影变化，商品展示，构图等，以 Image 1 为主体，生成一段新视频。,"Referring to the video, create a new video using Image 1 as the main subject, incorporating the video’s transitions, lighting changes, product display techniques, and composition.","{""duration"": ""10s"", ""aspect_ratio"": ""9:16"", ""prefer_multi_shots"": true}",以图片中的黑色香水瓶为主体，复用视频中的快切剪辑、光影质感、微距构图和商品展示逻辑，生成一段高级质感的香水展示视频。,Reference,生成一段商品展示视频。画面主体完全替换为Image 1中的黑色纪梵希香水瓶。视觉上采用the video中极简纯净的背景与柔和高级的光影变化；构图上大量使用居中对称与微距特写镜头；剪辑上运用快速切镜手法，按照从整体外观到局部细节（如瓶盖、绑带、透明底座）的逻辑进行全方位展示。可配合清脆的ASMR音效增强沉浸感。,"{""visual_layer_hooks"": [""极度舒适的微距质感特写"", ""极简高级的视觉美学"", ""快节奏且丝滑的切镜带来的视觉爽感""], ""audio_layer_hooks"": [""解压且沉浸感极强的ASMR音效""]}",27,False,商品主体还原出现严重幻觉（纪梵希香水出现香奈儿Logo，且混入原视频的蓝色软管素材）；音频完全未遵循ASMR音效的要求。,"{""assets_mapping"": [{""asset_id"": ""the video"", ""visual_layer"": {""editing_techniques"": [""[P0] 快速的切镜效果，包含多角度、不同景别的画面无缝衔接与快切转场""], ""visual_style"": [""[P0] 极简纯净的背景风格，配合柔和且富有层次感的高级光影变化，突出物体的材质与立体感""], ""presentation_format"": [""[P0] 专业的商品展示逻辑，从产品整体外观展示逐步过渡到极近距离的局部细节与材质质感展示""], ""composition"": [""[P0] 强烈的居中对称构图，结合极近距离的微距特写镜头，画面保持适当留白""]}, ""audio_layer"": {""sound_effects"": [""[P1] 配合画面动作与转场的沉浸式ASMR拟音音效（如物体摩擦、接触等清脆声音）""]}}, {""asset_id"": ""Image 1"", ""visual_layer"": {""entity_subject"": [""[P0] 一瓶纪梵希（GIVENCHY）L'INTERDIT ABSOLU香水，主体为黑色亮面材质，带有黑色瓶盖，颈部有黑色绑带与银色Logo细节，瓶身底部为透明玻璃质感""]}, ""audio_layer"": {}}]}","{""visual_layer_discards"": [""the video中的浅蓝色管状护肤品、包装纸盒、白色膏体、金属刮刀以及人的皮肤""], ""audio_layer_discards"": []}"
效果广告爆款_016,以 Image 1 为主体，参考 the video 视频中的运镜，视频效果，生成一段新的视频。,"Create a new video using Image 1 as the main subject, referencing the camera movements and video effects from the video.","{""duration"": ""10s"", ""aspect_ratio"": ""16:9"", ""prefer_multi_shots"": false}",将图片中的洗护用品作为主体，结合原视频中动感快速的推拉运镜、卡点快切剪辑以及水花飞溅等视觉特效，生成一段具有强烈节奏感的产品展示视频。,Reference,生成一段视频，画面主体为三个胶囊状的洗护用品瓶子（绿色、黄色、粉色，哑光质感）悬浮在纯红色背景中。应用极具动感的快速推拉运镜和镜头平移，配合强烈的节奏进行快切和卡点转场（带有动感模糊）。在镜头切换和定格时，在洗护用品瓶子周围添加水花飞溅或相关成分炸开的视觉特效。音频使用原视频中节奏感强的动感电子/说唱音乐以匹配画面的卡点效果。,"{""visual_layer_hooks"": [""极具视觉冲击力的快速推拉运镜"", ""踩准节奏的卡点快切剪辑"", ""动感模糊与水花飞溅特效结合带来的爽快感""], ""audio_layer_hooks"": [""洗脑且节奏感极强的电子说唱音乐"", ""强烈的重低音鼓点提供的情绪释放感""]}",35,False,P0级别的动感运镜（快速推拉、震动）和带有动感模糊的卡点快切转场严重缺失；音频完全偏离参考要求，未使用原视频的说唱音乐，导致整体视频丧失了要求的节奏感和卡点效果。,"{""assets_mapping"": [{""asset_id"": ""Image 1"", ""visual_layer"": {""entity_subject"": [""[P0] 三个胶囊状的洗护用品瓶子（DUET品牌，分别为绿色、黄色、粉色），表面具有高级的哑光质感""], ""environment"": [""[P1] 纯红色背景""], ""composition"": [""[P1] 物品悬浮在空中、错落有致的构图""]}, ""audio_layer"": {}}, {""asset_id"": ""the video"", ""visual_layer"": {""camera_movement"": [""[P0] 极具动感的快速推拉镜头（zoom in/out），伴随镜头快速平移与轻微震动""], ""editing_techniques"": [""[P0] 配合音乐鼓点的快速剪辑（快切），带有动感模糊（motion blur）的卡点转场""], ""special_effects"": [""[P0] 物品周围爆发出水花飞溅、相关成分元素掉落或炸开的动态视觉特效""]}, ""audio_layer"": {""music_exact"": [""[P1] 节奏感强、带有明显鼓点和人声的动感电子/说唱背景音乐，用于配合画面的卡点剪辑""]}}]}","{""visual_layer_discards"": [""the video中的易拉罐饮料主体"", ""the video中的户外公园与白色长椅背景""], ""audio_layer_discards"": []}"
效果广告爆款_017,参考 the video 视频运镜效果，生成一段主体为 Image 1 ，Image 2，Image 3，Image 4 的视频。,"Referencing the video camera movement effect, generate a video with the main subjects being Image 1, Image 2, Image 3, and Image 4.","{""duration"": ""9s"", ""aspect_ratio"": ""9:16"", ""prefer_multi_shots"": false}",用户希望以原视频的卡点跳切展示节奏和固定机位为模板，将视频中的展示主体替换为提供的四款香水/香氛瓶图片。,Reference,保持原视频的固定机位与暖色渐变极简背景，复用原视频的跳切/定格剪辑手法与卡点节奏。将画面中央的主体依次替换为 Image 1、Image 2、Image 3、Image 4 中的四款香水/香氛瓶，让这四款产品随着原视频的动感BGM和清脆音效，在画面中央瞬间出现并依次切换展示。,"{""visual_layer_hooks"": [""极简背景下的高对比度视觉聚焦"", ""跳切卡点带来的视觉爽感与节奏感"", ""物品凭空出现的魔术般视觉特效""], ""audio_layer_hooks"": [""节奏感极强的洗脑电子BGM"", ""清脆悦耳、具有ASMR属性的动作触发音效（拍手、卡点声）""]}",28,False,1. 严重违反了视频运镜和剪辑的 P0 要求：未使用固定机位和跳切手法，而是使用了平移镜头导致物品滑动出现；2. 音频完全错误：未保留原视频的BGM和卡点音效，替换成了完全不相关的音乐。,"{""assets_mapping"": [{""asset_id"": ""the video"", ""visual_layer"": {""camera_movement"": [""[P0] 保持固定机位（Static Camera），无明显的推拉摇移，将视觉焦点完全集中在画面正中央的主体展示区域""], ""editing_techniques"": [""[P0] 运用硬切/跳切（Jump Cut）或定格动画式的剪辑手法，使主体物品在画面中央瞬间出现、无缝切换或消失，形成强烈的视觉卡点节奏""], ""presentation_format"": [""[P1] 采用极简的纯色/暖色渐变背景，居中展示物品，突出主体的轮廓与质感""]}, ""audio_layer"": {""music_exact"": [""[P1] 保留原视频中节奏感强烈的电子流行背景音乐""], ""sound_effects"": [""[P1] 保留原视频中配合动作和物品出现的清脆卡点音效（如拍手声、清脆的打击声）""]}}, {""asset_id"": ""Image 1"", ""visual_layer"": {""entity_subject"": [""[P0] 一款透明玻璃香水瓶，配有黑色圆柱形瓶盖，瓶身印有黑色的 'QUEENS & MONSTERS', 'HENRY ROSE', 'EAU DE PARFUM' 字样，瓶内装有浅黄色液体""]}, ""audio_layer"": {}}, {""asset_id"": ""Image 2"", ""visual_layer"": {""entity_subject"": [""[P0] 一款装有绿色液体的香氛瓶，配有深棕色木质纹理的圆柱形瓶盖，瓶身贴有复古黄色方形标签，印有 'NECTAR AMBRÉ', 'HOME FRAGRANCE'，瓶身下半部分带有竖条状凹凸玻璃纹理""]}, ""audio_layer"": {}}, {""asset_id"": ""Image 3"", ""visual_layer"": {""entity_subject"": [""[P0] 一款透明玻璃香水瓶，配有白色倒置花苞形状的瓶盖和金色金属颈部，瓶身正面镶嵌有带金色麻花边缘的椭圆形白色浮雕（图案为神兽与植物），瓶身整体带有密集的竖条状凹凸纹理""]}, ""audio_layer"": {}}, {""asset_id"": ""Image 4"", ""visual_layer"": {""entity_subject"": [""[P0] 一款浅蓝色磨砂质感的香水瓶，配有白色精致雕花圆顶瓶盖，瓶颈处缠绕并悬挂着一条银色编织链条，末端带有椭圆形银色金属吊牌（印有 'LONGDEBAI' 及相关字样），瓶身带有竖条状凹凸纹理""]}, ""audio_layer"": {}}]}","{""visual_layer_discards"": [""原视频中的人物手臂及佩戴的白色镂空表带手表"", ""原视频中的绿色 Mary Kay 护手霜/乳液"", ""原视频结尾出现的 'MARY KAY' 黑色品牌文字""], ""audio_layer_discards"": []}"
效果广告爆款_018,参考 the video 视频效果，生成一段主体为 Image 1 ，Image 2，Image 3 的视频。,"Generate a video focusing on Image 1, Image 2, and Image 3, referencing the effects from the video.","{""duration"": ""8s"", ""aspect_ratio"": ""9:16"", ""prefer_multi_shots"": false}",将视频中网球场上弹跳的化妆品模型替换为用户提供的三款香水，保持原视频的超现实夏日网球场场景与巨大化物品弹跳的动画效果。,Reference,生成一段3D超现实主义风格的夏日视频。场景设定为一个粉蓝相间的露天网球场，四周有绿色灌木丛和棕榈树。将网球场上的运动主体替换为三款巨大的香水瓶（分别对应Image 1的透明竖条纹花苞盖香水、Image 2的浅蓝色磨砂雕花盖香水、Image 3的方形绿液黑盖香水）。这三款巨大的香水瓶在网球场上像网球一样进行富有弹性的来回弹跳和移动。采用固定全景机位拍摄，呈现出色彩鲜艳的多巴胺视觉效果。,"{""visual_layer_hooks"": [""超现实主义的巨大化日常物品"", ""高饱和度多巴胺撞色美学（粉蓝绿强对比）"", ""充满夏日度假氛围的场景构建"", ""趣味性的物品拟人化运动（产品打网球的奇观）""], ""audio_layer_hooks"": []}",14,False,核心动作完全缺失，香水瓶主体未进行任何弹跳或移动；场景生成错误，未能将新主体正确融合到网球场环境中（网球场变成了阶梯）；视频由多个不连贯的镜头拼接而成，包含与提示词无关的雪山背景，且第三个镜头直接照搬了原视频的画面；原视频的音效被完全替换为无关的背景音乐。,"{""assets_mapping"": [{""asset_id"": ""the video"", ""visual_layer"": {""visual_style"": [""[P0] 3D超现实主义风格，色彩鲜艳明快，以高饱和度的粉色、蓝色和绿色为主色调，充满夏日多巴胺度假质感""], ""environment"": [""[P0] 一个粉色和蓝色相间的露天网球场，场地周围环绕着茂密的绿色灌木丛，背景是晴朗的蓝天和高大的棕榈树，场地上散落着粉色的巨大网球和一把带有粉色遮阳伞的裁判椅""], ""subject_actions"": [""[P0] 巨大的产品模型在网球场上像网球一样进行富有弹性的来回弹跳、滑动和移动""], ""camera_movement"": [""[P1] 固定的全景机位，清晰完整地展示网球场全貌以及巨大化主体的运动轨迹""]}}, {""asset_id"": ""Image 1"", ""visual_layer"": {""entity_subject"": [""[P0] 一瓶香水，具有透明的竖条纹圆柱形玻璃瓶身，正面贴有带金色编织边框的白色椭圆形浮雕标签（带有飞马图案和BEAST字样），顶部配有白色花苞形状的瓶盖""]}, ""audio_layer"": {}}, {""asset_id"": ""Image 2"", ""visual_layer"": {""entity_subject"": [""[P0] 一瓶香水，具有磨砂质感的浅蓝色竖条纹圆柱形瓶身，顶部是白色的精致雕花圆顶瓶盖，瓶颈处挂着一条银色编织链条，连接着一个银色椭圆形金属吊牌（印有LONGDEBAI字样）""]}, ""audio_layer"": {}}, {""asset_id"": ""Image 3"", ""visual_layer"": {""entity_subject"": [""[P0] 一瓶香水，具有透明的方形厚底玻璃瓶身，内含浅绿色液体，正面贴有金色方形反光标签（印有THÉ YULONG ARMANI/PRIVE字样），顶部配有巨大的黑色不规则鹅卵石形状瓶盖""]}, ""audio_layer"": {}}]}","{""visual_layer_discards"": [""the video中原有的红色尖头瓶子、紫色软管、黑色软管等化妆品/护肤品模型""], ""audio_layer_discards"": []}"
效果广告爆款_019,以 object_1 为主体，参考 the video 视频中的视频效果，生成一段新的视频。,"Generate a new video centered on object_1, referencing the visual effects observed in the video.","{""duration"": ""7s"", ""aspect_ratio"": ""9:16"", ""prefer_multi_shots"": false}",将原视频中的粉色护肤品替换为用户提供的棕色香水瓶，并保留丝带环绕飘动的动态视觉特效,Reference,在纯粉色背景和带有倒影的光滑台面上，居中放置一个棕色半透明方形香水瓶（带八角形瓶盖，印有HARVEST字样）。生成一条粉色丝带在香水瓶周围自下而上流畅环绕飘动的动态视频效果。,"{""visual_layer_hooks"": [""丝带环绕的丝滑动态效果带来高级感"", ""极简纯色背景与高饱和度色彩形成强烈的视觉冲击力"", ""底部倒影增加画面的空间感与产品质感""], ""audio_layer_hooks"": []}",46,False,P0关键特效方向错误（丝带运动轨迹为自上而下而非自下而上）；P1环境完全偏离指令（背景颜色为深棕色而非纯粉色，且缺失倒影台面）。,"{""assets_mapping"": [{""asset_id"": ""the video"", ""visual_layer"": {""special_effects"": [""[P0] 一条粉色丝带在主体周围自下而上、轻盈且流畅地环绕飘动的动态视觉特效""], ""environment"": [""[P1] 纯粉色背景，底部为带有清晰倒影的光滑展示台面""], ""composition"": [""[P1] 主体居中放置的正面特写构图""]}, ""audio_layer"": {}}, {""asset_id"": ""object_1"", ""visual_layer"": {""entity_subject"": [""[P0] 棕色半透明的方形玻璃香水瓶，带有八角形瓶盖，瓶身正面印有金色的'HARVEST'和'Vanessa Megan'字样""]}, ""audio_layer"": {}}]}","{""visual_layer_discards"": [""the video中的粉色方形BYOMA护肤品瓶子""], ""audio_layer_discards"": []}"
效果广告爆款_020,"参考 the video 视频效果，生成一段主体为 Image 1 ,服饰参考 Image 2 ，Image 3，Image 4，Image 5 的视频。","Refer to the video effect of the video and generate a video with the main subject as Image 1, and clothing referencing Image 2, Image 3, Image 4, and Image 5.","{""duration"": ""12s"", ""aspect_ratio"": ""9:16"", ""prefer_multi_shots"": false}",用户希望以原视频的UI交互式换装特效为模板，将视频主体替换为指定的男性模特，并依次换上指定的帽子、皮衣、皮裤和皮包。,Reference,生成一段视频，背景为带有浅蓝色沙发和灰色窗帘的室内环境。画面中央站立着Image 1中的健硕白人男性（仅穿黑色内裤）。采用类似电脑桌面的UI交互形式，通过鼠标指针拖拽图标的视觉特效，依次为该男性换上Image 2的深棕色牛仔帽、Image 3的做旧黑色皮夹克、Image 4的黑色皮质阔腿裤和Image 5的深棕色皮包。换装过程中人物保持相对静止。音频需保留原视频的动感背景音乐，并精准卡点鼠标点击、拖拽及换装瞬间的音效。,"{""visual_layer_hooks"": [""创意的电脑桌面UI交互式换装特效"", ""视觉冲击力强的瞬间变装过程"", ""身材姣好的模特展示""], ""audio_layer_hooks"": [""节奏感强的背景音乐"", ""清脆且极具交互感的鼠标点击与拖拽音效，增强了观看的爽感""]}",41,False,1. 严重偏离UI交互设定：未生成左上角衣物图标窗口，且缺失拖拽衣物和垃圾桶脱衣的特效；2. 背景环境完全错误：生成了纯白背景而非指定的室内沙发环境；3. 音频错误：未保留原视频的背景音乐，且缺失拖拽音效。,"{""assets_mapping"": [{""asset_id"": ""the video"", ""visual_layer"": {""special_effects"": [""[P0] 鼠标指针拖拽衣物图标到人物身上实现瞬间换装的视觉特效，以及将衣物拖入垃圾桶图标脱下衣物的特效""], ""presentation_format"": [""[P0] 类似电脑桌面UI交互的展示形式，画面左上角有衣物图标窗口，通过鼠标指针操作进行换装展示""], ""environment"": [""[P1] 室内环境，背景有浅蓝色双人沙发、灰色窗帘和墙上的几何图案艺术挂画""], ""subject_actions"": [""[P1] 人物站立在画面中央，随着衣物的添加或移除，身体姿态保持相对静止，配合换装特效""]}, ""audio_layer"": {""sound_effects"": [""[P0] 鼠标点击、拖拽以及换装瞬间的音效""], ""music_exact"": [""[P1] 视频中原有的动感节奏背景音乐""]}}, {""asset_id"": ""Image 1"", ""visual_layer"": {""entity_subject"": [""[P0] 一位留着棕色短发、身材健硕、肌肉线条明显的白种男性，穿着黑色平角内裤""]}, ""audio_layer"": {}}, {""asset_id"": ""Image 2"", ""visual_layer"": {""entity_subject"": [""[P0] 一顶深棕色的牛仔帽，帽檐两侧卷曲，帽身带有银色雕花金属搭扣和水钻刺绣装饰""]}, ""audio_layer"": {}}, {""asset_id"": ""Image 3"", ""visual_layer"": {""entity_subject"": [""[P0] 一件做旧风格的黑色短款机车皮夹克，带有不对称拉链、下摆腰带和多处金属扣件及绑带设计""]}, ""audio_layer"": {}}, {""asset_id"": ""Image 4"", ""visual_layer"": {""entity_subject"": [""[P0] 一条黑色的皮质阔腿套裤，带有拉链、腰带、拼接护膝设计和侧边流苏装饰""]}, ""audio_layer"": {}}, {""asset_id"": ""Image 5"", ""visual_layer"": {""entity_subject"": [""[P0] 一个深棕色的复古皮质单肩包，带有多个外部翻盖口袋、金属搭扣和银色猫咪造型挂件""]}, ""audio_layer"": {}}]}","{""visual_layer_discards"": [""the video中的长发女性主体"", ""the video中的棕色长袖上衣、灰色阔腿裤、灰色连帽外套、黑色托特包、头戴式耳机""], ""audio_layer_discards"": []}"
效果广告爆款_021,参考 the video 视频效果，生成一段主体为 Image 1 ，Image 2，Image 3 Image 4 的视频，最后选中 Image 2。,"Referencing the video effects, create a video with Image 1, Image 2, Image 3, and Image 4 as the main content, and finally select Image 2.","{""duration"": ""8s"", ""aspect_ratio"": ""9:16"", ""prefer_multi_shots"": true}",复刻原视频中手在空中滑动点选悬浮物品的互动特效，将候选项替换为提供的四张图片中的物品，并最终选中Image 2中的渐变色瓶子进行细节展示。,Reference,生成一段第一人称视角的互动视频。视觉层：画面背景保持暖粉色调的墙面与相框，前景为一只留有美甲的手。半空中以无背景贴纸形式悬浮展示四个物品（Image 1的绿色香氛、Image 2的渐变色瓶、Image 3的SK-II神仙水、Image 4的粉色指甲油）。手在空中做出滑动切换的动作，四个物品随之轮播。最后手指明确点击选中Image 2（渐变色瓶子），随后画面特效转场，特写展示该渐变色瓶子的外观细节。音频层：全程使用原视频的节奏感说唱背景音乐，动作需与音乐节奏卡点。,"{""visual_layer_hooks"": [""第一人称视角的强代入感"", ""类似AR交互的悬浮物品点选特效"", ""流畅的动作卡点与转场展示"", ""暖色调与精致美甲带来的高颜值视觉体验""], ""audio_layer_hooks"": [""洗脑且节奏感极强的BGM，配合动作卡点极大增强了观看的爽感与节奏感""]}",28,False,1. 核心互动逻辑与特效缺失：手部动作与物品切换不匹配，没有明确的“点击选中Image 2”的动作及随后的放大转场特效。2. 叙事结构与画面内容混乱：中间错误地出现了手持Image 4的画面，且结尾未按要求特写展示单个Image 2，而是出现了三个Image 2的分身。3. 音频错误：完全替换了原视频要求的背景音乐。,"{""assets_mapping"": [{""asset_id"": ""the video"", ""visual_layer"": {""subject_actions"": [""[P0] 一只手在画面前方做出左右滑动、点选的动作，最后手指明确点击选中其中一个悬浮物品""], ""special_effects"": [""[P0] 多个物品以无背景贴纸的形式悬浮在半空中，随着手的动作进行切换轮播，被选中后产生放大并转场的视觉特效""], ""presentation_format"": [""[P0] 视频前半段为多个物品的悬浮展示与手部选择过程，后半段转为对最终选中物品的特写与细节展示""], ""visual_style"": [""[P1] 整体呈现暖色调、柔和的粉色系光影氛围""], ""environment"": [""[P1] 背景为一面带有粉色画作相框的墙壁，画面前景为一只留有法式长美甲的手""], ""composition"": [""[P1] 采用第一人称视角的近景特写构图，手部和悬浮物品占据画面视觉中心""]}, ""audio_layer"": {""music_exact"": [""[P1] 保留原视频中带有强烈节奏感和特定人声说唱的背景音乐""]}}, {""asset_id"": ""Image 1"", ""visual_layer"": {""entity_subject"": [""[P0] 一瓶装有绿色液体的香氛，带有深色木质质感瓶盖和复古黄色标签（NECTAR AMBRÉ）""]}, ""audio_layer"": {}}, {""asset_id"": ""Image 2"", ""visual_layer"": {""entity_subject"": [""[P0] 一瓶带有金属银色盖子的圆柱形瓶子，瓶身呈现粉、紫、橙、绿相间的磨砂渐变色彩，瓶身中央有一个银色圆环标志""]}, ""audio_layer"": {}}, {""asset_id"": ""Image 3"", ""visual_layer"": {""entity_subject"": [""[P0] 一瓶SK-II神仙水，透明磨砂玻璃瓶身，银色瓶盖，瓶身印有醒目的红色SK-II Logo""]}, ""audio_layer"": {}}, {""asset_id"": ""Image 4"", ""visual_layer"": {""entity_subject"": [""[P0] 一瓶orosa品牌的粉色指甲油，透明方形玻璃瓶身，白色圆柱形瓶盖""]}, ""audio_layer"": {}}]}","{""visual_layer_discards"": [""原视频中悬浮的红色口红等原有候选项物品"", ""原视频后半段展示口红打开并涂抹在手上的具体细节画面""], ""audio_layer_discards"": []}"
效果广告爆款_023,以 object_1 为主体，参考 the video 视频中的动作效果，生成一段新的视频，生成文字为：“Frito-Lay”。,"Using object_1 as the main subject, refer to the actions and effects in the video to generate a new video with the  ""Frito-Lay"".","{""duration"": ""7s"", ""aspect_ratio"": ""9:16"", ""prefer_multi_shots"": false}",保留原视频中撕开红色纸张的动作与音效，将撕开后露出的物品替换为图集中的薯片包装袋，并将包装袋上的文字修改为“Frito-Lay”,Reference,生成一段视频，画面以俯视特写视角开始，一只手撕开红色的纸张/布料，音频同步播放清脆的撕裂声。随着红色遮挡物被撕开，露出下方深灰色石板上放置的一包黑底绿字薯片，包装袋上的核心文字需生成为“Frito-Lay”，包装袋周围散落着波浪纹薯片，整体保持高对比度的商业质感。,"{""visual_layer_hooks"": [""撕开遮挡物带来的“开盲盒”式悬念揭晓感"", ""高饱和度红色遮挡物与内部精美物品之间形成的强烈视觉反差""], ""audio_layer_hooks"": [""具有ASMR属性的清脆撕纸声，能有效吸引注意力并提供解压的听觉体验""]}",21,False,1. 视觉元素颜色错误：遮挡纸张要求为红色，实际生成为黑色；2. 文本生成失败：未按指令将包装袋文字生成为“Frito-Lay”；3. 音频完全错误：缺失要求的撕裂音效，被替换为不相关的背景音乐。,"{""assets_mapping"": [{""asset_id"": ""the video"", ""visual_layer"": {""subject_actions"": [""[P0] 一只手捏住红色的纸张/布料，用力将其撕开的连贯动作""], ""composition"": [""[P1] 俯视特写镜头，画面由满屏的红色遮挡物逐渐过渡到内部展示物""], ""presentation_format"": [""[P1] 悬念揭晓式的展示手法，先隐藏主体，通过撕开的动作展现内部物品""]}, ""audio_layer"": {""sound_effects"": [""[P0] 纸张/布料被撕开时产生的清脆、连续的摩擦与撕裂声""]}}, {""asset_id"": ""object_1"", ""visual_layer"": {""entity_subject"": [""[P0] 黑底绿字设计的薯片包装袋，周围散落着金黄色的波浪纹薯片，放置在深灰色的石板背景上""], ""visual_style"": [""[P1] 具有高对比度、清晰质感和暗调背景的商业产品摄影风格""]}, ""audio_layer"": {}}]}","{""visual_layer_discards"": [""原视频中红色纸张下方排列的多条宝石手链"", ""object_1薯片包装袋上原有的'KLING'等主视觉文字""], ""audio_layer_discards"": []}"
效果广告爆款_024,以 Image 1 为主体，参考 the video 视频中的视频效果，生成一段新的视频，效果变为冰淇淋缓缓落下，并将背景换为冰淇淋机的正面，文字为：“FOODOGPAHYHG！”,"Use Image 1 as the main subject, refer to the video effects in the video, generate a new video where the effect changes to ice cream slowly dropping, and replace the background with the front of an ice cream machine, with the : FOODOGPAHYHG!","{""duration"": ""12s"", ""aspect_ratio"": ""9:16"", ""prefer_multi_shots"": false}",以图片中的冰淇淋为主体，复用原视频左右分屏（左静右动）的视觉特效，将右侧动态改为冰淇淋缓缓落下，同时替换背景为冰淇淋机正面，并修改画面文字。,Reference,生成一段视频，主体替换为带有旋转纹理的白色甜筒冰淇淋。画面采用左右分屏特效，左半部分为静态的冰淇淋成品，右半部分展示冰淇淋缓缓落下的动态过程。将背景设定为冰淇淋机的正面。画面上方居中显示醒目的粗体文字'FOODOGPAHYHG！'。音频层保留原视频的动感背景音乐。,"{""visual_layer_hooks"": [""左右分屏对比的创意视觉形式"", ""一半静态一半动态的强烈视觉反差"", ""食物动态生成过程带来的解压感与诱人感""], ""audio_layer_hooks"": [""节奏感强烈的背景音乐"", ""带有刮碟音效的复古动感元素，有效增强画面的节奏感与吸引力""]}",21,False,核心P0未命中：左半部分画面未保持静态，左右两侧均在发生动态变化；音频未保留原视频的背景音乐，被完全替换；文字排版位置错误且动画逻辑（冰淇淋向上吸入）不符合常规生成过程。,"{""assets_mapping"": [{""asset_id"": ""the video"", ""visual_layer"": {""special_effects"": [""[P0] 左右分屏的视觉特效，画面左半部分保持静态，右半部分展示动态过程""], ""composition"": [""[P1] 主体位于画面中央，画面上方居中排布醒目的粗体文字""], ""presentation_format"": [""[P1] 以左右对比的形式同时展示食物的静态成品与动态生成过程""]}, ""audio_layer"": {""music_exact"": [""[P1] 带有强烈节奏感和刮碟音效的动感嘻哈风背景音乐""]}}, {""asset_id"": ""Image 1"", ""visual_layer"": {""entity_subject"": [""[P0] 顶端带有尖角弯曲、呈现完美旋转纹理的白色奶油冰淇淋，以及底部的浅棕色网格状华夫脆筒""]}}]}","{""visual_layer_discards"": [""原视频中的汉堡主体及其制作过程的食材（生菜、炸鸡、酱料等）"", ""原视频中模糊的餐厅背景"", ""原视频中的'TERI-FRICKEN-YAKI BURGER'文字及结尾出现的品牌logo""], ""audio_layer_discards"": []}"
效果广告爆款_026,使用 Image 1 和 Image 2 ，参考 the video 视频效果，生成一段新的视频。,"Use Image 1 and Image 2, refer to the video effects in the video, and generate a new video.","{""duration"": ""9s"", ""aspect_ratio"": ""9:16"", ""prefer_multi_shots"": true}",以Image 1和Image 2的内容为视觉主体，复用the video的黑白转彩色特效、剪辑节奏及背景音乐生成新的视频。,Reference,将Image 1中的红色护肤品套装与玫瑰花茎，以及Image 2中的黄底黑字排版设计作为视觉主体。应用the video中的视觉特效，使画面初始为黑白，随后瞬间突变为彩色。采用the video的剪辑手法，在结尾处切入品牌信息展示页。音频方面，完全复用the video中带有说唱人声且节奏感强烈的背景音乐，并使画面的色彩突变与音乐节奏卡点契合。,"{""visual_layer_hooks"": [""黑白到彩色的瞬间视觉突变制造强烈的反差感与视觉冲击力"", ""结尾清晰的黑底白字品牌信息展示，提升品牌记忆度""], ""audio_layer_hooks"": [""动感洗脑的说唱音乐配合画面卡点，极具节奏感，有效提升用户完播率""]}",31.5,False,1. 音频完全错误，未复用原视频的说唱背景音乐，导致音频相关的P0和P1点全部失效；2. Image 2的参考内容严重缺失，仅保留了Logo，丢失了黄底背景和文字排版；3. 结尾未按照原视频逻辑切入纯色品牌信息页。,"{""assets_mapping"": [{""asset_id"": ""the video"", ""visual_layer"": {""visual_style"": [""[P0] 画面由黑白瞬间切换为彩色的视觉特效""], ""editing_techniques"": [""[P0] 配合音乐节奏的瞬间色彩突变转场"", ""[P1] 视频结尾切换至纯色背景展示品牌Logo及信息的剪辑方式""], ""presentation_format"": [""[P1] 先展示产品主体并浮现文字，最后切入品牌信息页的广告展示逻辑""]}, ""audio_layer"": {""music_exact"": [""[P0] 节奏感强烈的说唱/Rap风格背景音乐""], ""dialogue_content"": [""[P1] 视频开头的人声说唱内容""]}}, {""asset_id"": ""Image 1"", ""visual_layer"": {""entity_subject"": [""[P0] 红色的方形护肤品包装盒，上方叠放的红色螺旋状眼霜瓶子，以及右侧带刺的玫瑰花茎""], ""visual_style"": [""[P1] 偏暗调、凸显红色产品光泽与质感的高级静物摄影风格""]}, ""audio_layer"": {}}, {""asset_id"": ""Image 2"", ""visual_layer"": {""entity_subject"": [""[P0] 黄底黑字的平面设计排版，包含大写的变形字母'A'logo，以及'30 BEST MONOGRAM LOGO DESIGNS YOU SHOULD CHECK'等文字内容""]}, ""audio_layer"": {}}]}","{""visual_layer_discards"": [], ""audio_layer_discards"": []}"
效果广告爆款_028,一段具有电影质感的高端商业广告视频，整体色调为奢华金色暖调，画面充满高级感与未来工业设计风格，视频整体效果参考 the video ，一条金属流水线，流水线由拉丝金属与镜面金属构成，具有细腻反射和柔和高光，整体呈现金色科技感，流水线启动后，一个自动削皮装置开始工作，土豆表皮被连续、顺滑地削去，随后被切割成均匀、轻薄的薯片，切片逐渐转变为 Image 1 ，在画面，左下角始终坐着一个角色 Image 2 ，角色姿态放松，带有一点慵懒感。他手中拿着 Image 1，缓慢地咬一口，表情自然惬意，表现出享受与满足，但不过度夸张。视频整体参考 the video 视频效果，但不需要出现字幕和文字。,"A high-end commercial video with cinematic quality, featuring a luxurious golden warm tone throughout. The visuals exude sophistication and a futuristic industrial design style, inspired by the visual effects of the referenced video. The centerpiece is a metallic production line constructed of brushed and mirror-finish metal, showcasing refined reflections and soft highlights, ultimately radiating a golden technological aura. As the production line activates, an automated peeling device begins smoothly and continuously removing potato skins. Following this, the potatoes are evenly sliced into thin, light chips. These slices gradually transform into the visual element described as Image 1. In the scene's lower left corner, a character resembling Image 2 is seated. The character has a relaxed posture with a touch of languidness, holding Image 1 in his hand. He takes a slow bite with an expression of natural contentment and enjoyment, subtly conveying satisfaction without exaggerated emotions. The overall visual aesthetics draw inspiration from the referenced video, but no subtitles or  are included.","{""duration"": ""12s"", ""aspect_ratio"": ""4:3"", ""prefer_multi_shots"": false}",用户希望以原视频的流水线动态展示形式为基础，将场景替换为奢华金色工业风，展示土豆被加工成乐事薯片的过程，并加入土豆牛仔角色在旁惬意吃薯片的画面，生成一段无字幕的高端3D商业广告。,Reference,生成一段具有电影质感和未来工业设计风格的高端3D商业广告视频。整体色调为奢华金色暖调。画面中央是一条由拉丝金属与镜面金属构成的金色科技感流水线（继承the video的流水线构图与动态形式），具有细腻反射和柔和高光。流水线启动后，一个自动削皮装置将土豆连续顺滑地削皮并切割成均匀轻薄的薯片，切片随后逐渐转变为黄色的乐事薯片包装（Image 2）。在画面左下角，始终坐着一个姿态放松、略带慵懒感的土豆牛仔角色（Image 1）。该角色手中拿着乐事薯片（Image 2），缓慢地咬一口，表情自然惬意，表现出享受与满足，但不过度夸张。视频全程不需要出现任何字幕和文字。（注：已根据逻辑常理修正用户prompt中Image 1与Image 2的动作指代关系）,"{""visual_layer_hooks"": [""治愈系马卡龙配色（粉、蓝、黄）营造的梦幻视觉氛围"", ""流畅且极具解压感的3D流水线动画机制"", ""可爱的拟人化毛绒元素（粉色棉花糖小怪兽）增加亲和力"", ""物品弹出、移动与形变的精准节奏感""], ""audio_layer_hooks"": [""轻松欢快的八音盒/电子流行背景音乐"", ""配合物品出现的清脆'叮'声和'啵'声等ASMR音效，极大增强了观看时的解压感与沉浸感""]}",92,True,,"{""assets_mapping"": [{""asset_id"": ""the video"", ""visual_layer"": {""presentation_format"": [""[P0] 物品在流水线上进行加工与展示的3D商业广告体裁""], ""environment"": [""[P0] 居中平视的流水线构图，主体在流水线上横向移动的动态空间布局""], ""subject_actions"": [""[P1] 物品或主体在流水线上随着传送带平滑横向移动的动态过程""], ""camera_movement"": [""[P1] 固定的平视镜头，通过流水线的运动带动画面视觉焦点的移动""]}, ""audio_layer"": {}}, {""asset_id"": ""Image 1"", ""visual_layer"": {""entity_subject"": [""[P0] 拟人化的土豆角色，戴着棕色做旧宽沿牛仔帽，穿着黑白格子衬衫和蓝色牛仔裤，系着带圆形搭扣的棕色皮带，长着黑色圆眼睛和简单的微笑嘴巴""], ""visual_style"": [""[P1] 3D卡通渲染风格，具有细腻的材质纹理（如土豆表皮的自然坑洼、牛仔帽的做旧皮革质感）""]}, ""audio_layer"": {}}, {""asset_id"": ""Image 2"", ""visual_layer"": {""entity_subject"": [""[P0] 一包黄色的乐事（Lay's）薯片，包装正面有醒目的红色Lay's标志以及土豆和薯片的图案""], ""visual_style"": [""[P1] 高清商业产品摄影/3D渲染质感，色彩鲜艳饱和，具有光泽感""]}, ""audio_layer"": {}}]}","{""visual_layer_discards"": [""the video中的粉色水磨石材质流水线及整体马卡龙色调"", ""the video中的棉花糖机及粉色/蓝色棉花糖"", ""the video中的Comfort和Breeze洗护用品"", ""the video中的所有字幕和文字""], ""audio_layer_discards"": []}"
效果广告爆款_029,"参考 the video 视频效果，广告内容参考 Image 1 ，其中文字为iPhone 17 Pro，Concept Inspired By Two lconic Designs,the iPhone X and iPhone 16 Pro，人物替换为 object_1 中的角色，内容轻微更改，变为 object_1 走到屏幕面前，按屏幕，随后 Image 1 慢慢旋转 落入 object_1 的手中， object_1 拿起 Image 1，做打电话的动作，随后走向屏幕，展示 Image 1 的正面，反面和侧面。","Referencing the video for visual effects, the advertisement content is based on Image 1. The  within reads iPhone 17 Pro, Concept Inspired By Two Iconic Designs, the iPhone X and iPhone 16 Pro. Replace the character with the one in object_1. Make slight modifications to the content: object_1 walks towards the screen, touches it, and then Image 1 slowly rotates and falls into object_1's hand. Object_1 picks up Image 1, makes a calling gesture, then walks to the screen displaying the front, back, and sides of Image 1.","{""duration"": ""15s"", ""aspect_ratio"": ""9:16"", ""prefer_multi_shots"": false}",用户希望将原视频中的人物替换为指定的绿发西装男子，将广告牌内容及掉落物品替换为指定的概念手机并添加特定文案，同时修改人物获取物品后的动作，展示手机细节。,Edit,"生成一段视频，背景为街道旁带有大型数字广告屏幕的建筑外墙。屏幕上显示银色智能手机（背面横向三摄）的广告，配文'iPhone 17 Pro, Concept Inspired By Two lconic Designs, the iPhone X and iPhone 16 Pro'。一个留着绿色爆炸头、戴红蓝3D眼镜、穿深蓝色花纹西装的男子走到屏幕前按下屏幕。随后触发特效，屏幕中的手机慢慢旋转并真实落入男子手中。男子拿起手机做打电话动作，随后走向镜头，向镜头展示手机的正面、反面和侧面。保持真实街拍质感和固定机位。","{""visual_layer_hooks"": [""打破次元壁的O2O虚拟现实交互特效（点击屏幕掉出实物）"", ""街头巨幕广告牌带来的视觉冲击力""], ""audio_layer_hooks"": [""真实的街道环境底噪与清脆的物理交互声，增强沉浸感""]}",70,True,,"{""assets_mapping"": [{""asset_id"": ""the video"", ""visual_layer"": {""environment"": [""[P0] 街道旁带有大型嵌入式数字广告屏幕的建筑外墙，屏幕下方有一个金属取物槽的物理背景""], ""special_effects"": [""[P0] 人物点击屏幕后，屏幕上的虚拟物品转化为真实物品掉落的视觉特效逻辑""], ""visual_style"": [""[P1] 真实的街拍质感与自然光照色彩""], ""camera_movement"": [""[P1] 固定机位拍摄，保持全景到中景的构图""]}, ""audio_layer"": {""ambient_sound"": [""[P1] 街道的自然环境底噪与人物走动的脚步声""]}}, {""asset_id"": ""Image 1"", ""visual_layer"": {""entity_subject"": [""[P0] 银色外观的智能手机，背面左上角有独特的横向排列三摄模组，正面为全面屏""]}, ""audio_layer"": {}}, {""asset_id"": ""object_1"", ""visual_layer"": {""entity_subject"": [""[P0] 留着绿色爆炸头、戴着红蓝3D眼镜、留着胡须的男子，身穿深蓝色带彩色链条花纹的西装套装，内搭浅绿色衬衫和粉色领结，脚穿黑色皮鞋""]}, ""audio_layer"": {}}]}","{""visual_layer_discards"": [""原视频中穿黑色衣服戴墨镜的男子"", ""原视频屏幕上的Prada包广告及文字"", ""原视频中掉落的Prada包""], ""audio_layer_discards"": []}"
效果广告爆款_030,参考 the video 视频中的视频效果，以 object_1 为主体，改变 the video 中的指令，将指令改为黑色棒球帽，黑色长裙和黑色皮鞋，其余效果与视频效果一致。,"Refer to the video effects in the video, use object_1 as the main focus, change the instructions in the video to a black baseball cap, black long dress, and black leather shoes, while keeping the rest of the effects consistent with the video effects.","{""duration"": ""6s"", ""aspect_ratio"": ""9:16"", ""prefer_multi_shots"": false}",用户希望以 object_1 中的女孩为主体，复刻 the video 中模拟手机APP点击标签进行一键变装的视觉特效与交互过程，并将变装的选项指令替换为“黑色棒球帽”、“黑色长裙”和“黑色皮鞋”。,Reference,以 object_1 中的女孩（扎丸子头，穿红色毛衣、牛仔裤，背小狗包）为初始主体，置于纯白背景中，画面覆盖类似 the video 的手机APP界面。模拟鼠标指针移动并点击右侧弹出的选项标签，标签文字依次修改为“黑色棒球帽”、“黑色长裙”、“黑色皮鞋”。每次点击标签后，女孩瞬间换上对应的服饰（戴上黑色棒球帽、换上黑色长裙、穿上黑色皮鞋）。保留 the video 的原版电子背景音乐。,"{""visual_layer_hooks"": [""模拟UI交互的沉浸感"", ""一键变装的爽感与视觉冲击力"", ""新奇的AI玩法展示""], ""audio_layer_hooks"": [""节奏感强、轻松欢快的BGM，配合变装卡点增强动感""]}",70,False,生成的视频未能保留原参考视频的背景音乐，音频内容完全不一致，导致关键的音频 P0 点未命中。,"{""assets_mapping"": [{""asset_id"": ""the video"", ""visual_layer"": {""presentation_format"": [""[P0] 模拟手机APP界面中AI一键换装/变装的操作演示视频体裁""], ""special_effects"": [""[P0] 屏幕上出现鼠标指针，右侧弹出选项标签，点击标签后人物身上的服饰瞬间发生改变的视觉特效""], ""editing_techniques"": [""[P0] 鼠标指针移动并点击右侧选项标签的交互动画，点击后人物瞬间变装的硬切转场""], ""visual_style"": [""[P1] 纯白背景的棚拍质感，带有手机UI界面覆盖的视觉风格""], ""environment"": [""[P1] 纯白色背景，带有手机APP界面元素（顶部状态栏、底部工具栏等）""], ""composition"": [""[P1] 人物居中全身竖屏构图，UI元素分布在屏幕边缘和右侧""]}, ""audio_layer"": {""music_exact"": [""[P0] 轻松、节奏感强的电子背景音乐""]}}, {""asset_id"": ""object_1"", ""visual_layer"": {""entity_subject"": [""[P0] 扎着丸子头的年轻亚洲女性，穿着红色带帽毛衣（带毛球抽绳），内搭白色蕾丝边上衣，下穿蓝色宽松牛仔裤，斜挎一个毛绒小狗包，脚穿灰白色运动鞋""]}, ""audio_layer"": {}}]}","{""visual_layer_discards"": [""the video 中的短发女孩主体及其初始服装（黑色背心、白衬衫、黑裤子）"", ""the video 中的具体UI指令标签文本（如“小猫发箍”、“翻领衬衫”、“女仆围裙”等）及其对应的变装结果""], ""audio_layer_discards"": []}"
效果广告爆款_034,参考 the video，生成 Image 1 的广告片,Refer to the video to create a commercial for Image 1,"{""duration"": ""15s"", ""aspect_ratio"": ""16:9"", ""prefer_multi_shots"": true}",将原视频中作为高级时尚单品展示的“砖头”替换为“Pocky饼干盒”，复用原视频的高级感运镜、模特动作与史诗感配乐，制作一支具有反差感的高级时尚广告片。,Reference,生成一段高级时尚广告片。视觉上：采用暖色调复古电影质感与戏剧性逆光光晕。开篇使用微距镜头特写红色的Pocky饼干盒（Image 1）细节；随后切入全景，一位穿白色吊带裙的亚洲女性走在复古砖块街道上，她优雅地蹲下捡起这盒Pocky，将其贴近脸颊摆出高级时尚pose，最后像拿奢侈品手拿包一样拿着Pocky盒自信行走。全程使用低角度跟随、环绕运镜及慢动作。音频上：完全复用原视频中气势磅礴的史诗感管弦配乐，剪辑需卡点音乐节奏。,"{""visual_layer_hooks"": [""极度反差感：将极其日常、粗糙的物品（红砖）当作顶级奢侈品（如爱马仕手拿包）来对待和展示"", ""高质量的视觉呈现：极具电影感的光影（丁达尔效应/逆光光晕）与模特极度专业、高冷的高级脸表现力形成视觉享受""], ""audio_layer_hooks"": [""宏大叙事配乐与荒诞画面的碰撞：使用史诗级、严肃磅礴的交响乐来烘托一块砖头，利用听觉与视觉的错位产生强烈的幽默感与病毒传播潜力""]}",21,False,1. 音频完全错误：未按指令复用原视频的管弦配乐，擅自更改为带有英文配音的流行音乐；2. 视觉核心元素替换失败：指令要求模特与Pocky盒互动，但视频中模特绝大多数时间仍在与原视频的'砖块'互动，未能实现商品替换。,"{""assets_mapping"": [{""asset_id"": ""the video"", ""visual_layer"": {""visual_style"": [""[P0] 电影级别的高级时尚广告质感，整体色调偏暖，带有复古胶片感，强调戏剧性的阳光照射与镜头光晕（Lens flare）""], ""subject_actions"": [""[P0] 模特优雅地走在街道上，随后优雅地蹲下捡起物品，将物品举到脸旁进行高级感展示（贴脸pose），最后将物品像奢侈品手拿包一样夹在身侧或拿在手中行走""], ""camera_movement"": [""[P0] 包含针对物品的微距平移特写，针对人物的低视角跟随运镜（Low-angle tracking），以及围绕人物的动态环绕运镜，配合慢动作（Slow-motion）凸显高级感""], ""presentation_format"": [""[P0] 广告体裁：先展示产品表面的极端微距细节，随后画面切远，展示模特与产品的高级感互动""], ""entity_subject"": [""[P1] 一位年轻的亚洲女性，盘发，身穿修身的白色吊带连衣裙，脚穿白色高跟鞋""], ""environment"": [""[P1] 阳光明媚的欧洲复古风情街道，地面铺满砖块，背景有复古的砖墙建筑""], ""composition"": [""[P1] 极端的微距特写构图，低角度的全身构图，以及带有强烈光影对比的半身特写构图""], ""editing_techniques"": [""[P1] 配合音乐节奏的快速切镜，以及在模特展示动作高潮时的慢动作定格处理""]}, ""audio_layer"": {""music_exact"": [""[P0] 极具史诗感、气势磅礴的管弦乐/交响乐背景音乐，带有强烈的节奏感和戏剧张力""]}}, {""asset_id"": ""Image 1"", ""visual_layer"": {""entity_subject"": [""[P0] 一盒红色的格力高（Glico）Pocky巧克力涂层饼干，包装盒正面印有巨大的白色“POCKY”字样以及多根巧克力饼干条的图案""]}, ""audio_layer"": {}}]}","{""visual_layer_discards"": [""原视频中的核心道具：红砖（被明确替换为Pocky饼干盒）""], ""audio_layer_discards"": []}"
效果广告爆款_035,"视频以60年代邵氏兄弟武侠电影风格 the video 为基底，明显人工布景雪山和假农家庭院。特艺彩色，高饱和度，非自然主义戏剧布光，强烈的红蓝补色光效，老电影胶片颗粒感，摄影棚内景感。不要字幕。
不要添加字幕
镜头1：荒野雪山，漫天飞雪，地面积雪厚重，男主身着素色粗布古装，身形挺拔，目光落在雪地里濒死的白狐身上（白狐蜷缩，气息微弱）。
镜头2：近景，男主俯身，将一本 Image 1 轻轻放在白狐身上，开口（语气温和）：这本单词书给你的，希望你能撑过这个冬天。（镜头聚焦男主面部，邵氏式复古神态）
镜头3：快速切镜（邵氏经典转场），画面切换到农家院落，院内有柴堆，男主挽着衣袖，正用力劈柴，动作利落。
镜头4：侧镜头，妙龄女子身着素雅古装，轻推柴门走入，眉眼温柔，轻声询问：敢问公子是不是在去年冬天救过一只狐狸。
镜头5：男主抬头，面露惊喜，放下斧头，笑着回应：你是那只狐狸？
镜头6：反转特写，女子拿出 Image 1 大纲必备，温柔的说：我准备专升本了。
镜头7：男子往前走一步，开心的拿出 Image 2 和 Image 3，笑着说：太好了，这两本升本必备教材也送给你。","The video is styled after the 1960s Shaw Brothers wuxia films, featuring clearly artificial snow-capped mountains and a farmyard set. In Technicolor with high saturation, non-naturalistic dramatic lighting, strong red and blue complementary lighting effects, an old film grain look, and a distinct indoor studio feel.

Scene 1: A desolate snow mountain, snow falling heavily across the vast wilderness, with a thick layer of snow on the ground. The male protagonist, dressed in plain coarse ancient robes, stands upright, his gaze fixed on a dying white fox curled up in the snow, its breathing faint.

Scene 2: Close-up, the male protagonist kneels down, gently places Image 1 on the white fox, and says warmly: 这本单词书给你的，希望你能撑过这个冬天。 (Focus shifts to the male protagonist's face with a classic Shaw Brothers retro expression.)

Scene 3: A quick scene cut (signature Shaw-styled transition), switches to a farmyard. Inside the yard, there's a stack of firewood. The male protagonist, with sleeves rolled up, is chopping wood with skillful, swift movements.

Scene 4: Side view, a young woman in simple yet elegant ancient attire gently pushes the wooden gate open and steps in. Her eyes are soft, and she asks in a gentle voice: 敢问公子是不是在去年冬天救过一只狐狸。

Scene 5: The male protagonist looks up, surprised, sets down the axe, and responds with a smile: 你是那只狐狸？

Scene 6: Close-up, the woman takes out Image 1, her expression gentle as she says:我准备专升本了。

Scene 7: The man steps forward with joy, takes out Image 2 and Image 3, and says with a smile: 太好了，这两本升本必备教材也送给你。","{""duration"": ""15s"", ""aspect_ratio"": ""9:16"", ""prefer_multi_shots"": true}",将原视频的搞笑雪糕广告剧情重写，改编为具有60年代邵氏武侠电影风格的'白狐报恩考专升本'故事，并将原视频中的雪糕替换为用户提供的三本书籍素材。,Reference,视觉层：采用60年代邵氏兄弟武侠电影风格（特艺彩色、高饱和度、非自然主义戏剧布光、强烈的红蓝补色光效、老电影胶片颗粒感、摄影棚内景感），全程无字幕。镜头1-2：在雪山背景中，男主（复用the video男主）俯身将Image 1放在濒死的白狐（复用the video白狐）身上；镜头3：快速切镜至农家院落，男主劈柴；镜头4-6：女子（复用the video女子）进入院落，拿出Image 1；镜头7：男主拿出Image 2和Image 3递给女子。音频层：使用原男女主音色，配音新台词（男主：'这本单词书给你的，希望你能撑过这个冬天。'、'你是那只狐狸？'、'太好了，这两本升本必备教材也送给你。'；女主：'敢问公子是不是在去年冬天救过一只狐狸。'、'我准备专升本了。'）。,"{""visual_layer_hooks"": [""古装武侠人物与现代物品（雪糕、大炮）同框产生的强烈视觉反差与荒诞感"", ""夸张的视觉特效（如大炮发射出巨大的火焰）带来的视觉冲击力""], ""audio_layer_hooks"": [""充满戏剧冲突与无厘头反转的搞笑台词（如'雪山上这么冷，你还给我吃雪糕'）"", ""情绪饱满、带有夸张喜剧效果的配音演绎""]}",95,True,,"{""assets_mapping"": [{""asset_id"": ""the video"", ""visual_layer"": {""entity_subject"": [""[P0] 身穿素色粗布古装、头扎发髻、身形挺拔的男子"", ""[P0] 趴在雪地里、通体雪白的狐狸"", ""[P0] 身着素雅白色古装、梳着精致发髻的年轻女子""], ""environment"": [""[P0] 荒野雪山，漫天飞雪，地面积雪厚重的场景""], ""subject_actions"": [""[P1] 男子俯身面对白狐的动作姿态""]}, ""audio_layer"": {""dialogue_style"": [""[P1] 视频中男女主角的音色特征""]}}, {""asset_id"": ""Image 1"", ""visual_layer"": {""entity_subject"": [""[P0] 封面印有《变通 受用一生的学问》字样的书籍""]}}, {""asset_id"": ""Image 2"", ""visual_layer"": {""entity_subject"": [""[P0] 封面印有巨大“YOU”字样及红色蝴蝶结图案的健康类书籍""]}}, {""asset_id"": ""Image 3"", ""visual_layer"": {""entity_subject"": [""[P0] 封面印有《高中数学知识大全》字样的教辅书籍""]}}]}","{""visual_layer_discards"": [""原视频中的所有雪糕"", ""原视频中的黑色大炮及开炮的火焰特效"", ""原视频中的所有字幕""], ""audio_layer_discards"": [""原视频中的所有原始对话台词""]}"
效果广告爆款_038,参考 the video，生成一段广告片，台词和独白自适应生成，主体是一件蓝色连衣裙 Image 1，亚麻材质，翻领，泡泡短袖，内有弹力，正面纽扣和腰带闭合。,参考 the video，生成一段广告片，台词和独白自适应生成，主体是一件蓝色连衣裙 Image 1，亚麻材质，翻领，泡泡短袖，内有弹力，正面纽扣和腰带闭合。,"{""duration"": ""12s"", ""aspect_ratio"": ""9:16"", ""prefer_multi_shots"": true}",参考原视频的高级商品展示风格与运镜剪辑手法，将视频主体替换为图片中的蓝色亚麻连衣裙，并自适应生成全新的广告台词与独白。,Edit,生成一段蓝色亚麻连衣裙的商业广告片。视觉层面：主体严格采用Image 1中的天蓝色翻领泡泡袖连衣裙（带正面纽扣和同色腰带）；复刻the video的视觉呈现手法，在极简背景下，运用平移和推拉镜头对连衣裙的领口、亚麻面料纹理、纽扣和腰带进行特写展示，并穿插连衣裙整体悬挂的展示画面；采用明快的剪辑节奏和高级的光影对比来凸显质感。音频层面：不使用原视频音频，根据蓝色亚麻连衣裙的调性，自适应生成全新的广告台词与独白，并配以契合的背景音乐。,"{""visual_layer_hooks"": [""极简暗调光影凸显的高级商品质感"", ""ASMR级别的面料微观特写镜头"", ""丝滑的衣物动态掉落定型转场""], ""audio_layer_hooks"": [""强节奏感的卡点电子背景音乐"", ""清脆的拉链与衣物摩擦拟音（Foley）增强的沉浸感""]}",74,False,未能实现 P0 级别要求的“服装动态掉落瞬间定型挂在衣架上”的视觉转场效果，且未按指令生成服装整体悬挂的画面。,"{""assets_mapping"": [{""asset_id"": ""the video"", ""visual_layer"": {""visual_style"": [""[P0] 高级、简约的商业广告画风，利用局部的高对比度光影来凸显服装的面料质感与立体剪裁""], ""camera_movement"": [""[P0] 针对服装细节（如领口、纽扣、面料纹理）的平移扫视与推拉特写运镜""], ""composition"": [""[P0] 极简纯色背景下的服装局部微观特写与整体全貌交替出现的构图方式""], ""editing_techniques"": [""[P0] 节奏明快的剪辑方式，包含服装动态掉落瞬间定型挂在衣架上的视觉转场效果""], ""presentation_format"": [""[P0] 先聚焦展示服装局部细节与材质肌理，再展示整体款式的商品展示体裁""]}}, {""asset_id"": ""Image 1"", ""visual_layer"": {""entity_subject"": [""[P0] 一件天蓝色的亚麻材质连衣裙，具有翻领设计、泡泡短袖，正面带有单排纽扣，腰部系有同色系打结腰带""]}}]}","{""visual_layer_discards"": [""原视频中的黑色长袖上衣主体"", ""原视频画面中叠加的中文卖点文字贴纸""], ""audio_layer_discards"": [""原视频的背景音乐"", ""原视频中的衣物摩擦与拉链音效""]}"
效果广告爆款_039,参考 the video，生成 Image 1 的广告片,Refer to the video to create a commercial for Image 1,"{""duration"": ""7s"", ""aspect_ratio"": ""9:16"", ""prefer_multi_shots"": true}",参考原视频的微距特写到快速拉远旋转的广告运镜手法，来展示图片中的白色无线耳机产品,Reference,生成一段关于白色无线耳机的商业广告视频。视频开场需对白色耳机或其充电盒的光滑材质进行极度贴近的微距特写。接着，镜头迅速向后拉远并进行旋转，最终定格，画面中心呈现打开的白色充电盒与悬浮的耳机全貌。全程采用极简的纯色渐变背景与高级商业打光，突出产品的立体感与精致光泽。,"{""visual_layer_hooks"": [""极具视觉张力的微距到全景的快速拉远旋转运镜，瞬间抓住眼球"", ""极简纯色背景搭配悬浮构图，营造出强烈的高级感与未来科技感"", ""细腻的材质光泽打光，极大提升了产品的质感与购买欲""], ""audio_layer_hooks"": []}",53,False,核心 P0 参考点（camera_movement）严重缺失。模型未能理解并执行“向后拉远并伴随强烈旋转”的连续动态运镜指令，而是错误地使用了多镜头剪辑来拼凑细节与全景，导致视频失去了参考素材中最核心的视觉冲击力。,"{""assets_mapping"": [{""asset_id"": ""the video"", ""visual_layer"": {""camera_movement"": [""[P0] 镜头初始处于极度贴近主体的微距状态，随后迅速向后拉远，并伴随强烈的旋转效果，最终平稳停住以展示主体全貌""], ""composition"": [""[P0] 开篇为充满画面的局部特写构图，结尾转变为将主体置于画面正中央的悬浮式全景构图""], ""presentation_format"": [""[P0] 典型的产品展示广告体裁，采用“先局部细节特写，后整体形态展示”的叙事逻辑""], ""visual_style"": [""[P1] 高级商业广告质感，采用柔和且具有方向性的打光，完美勾勒出主体的边缘轮廓与表面材质光泽""], ""environment"": [""[P1] 纯净的极简渐变色背景，无任何多余物理道具或复杂场景，营造出悬浮感""]}}, {""asset_id"": ""Image 1"", ""visual_layer"": {""entity_subject"": [""[P0] 一副纯白色的入耳式真无线蓝牙耳机，包含一个呈开启状态的圆润白色充电盒，以及两枚带有黑色感应区和银色金属尾端的耳机，表面呈现光滑细腻的亮面塑料质感""]}, ""audio_layer"": {}}]}","{""visual_layer_discards"": [""the video 中的蓝色阿迪达斯运动鞋主体""], ""audio_layer_discards"": []}"
效果广告爆款_040,参考 the video，生成一段烟台红富士的广告片，台词和文案为:“家人们，这苹果真的绝了！又脆又甜，小朋友都抢着吃！都是新鲜现发，个个红润，真的很甜！上班来一个，解渴又提神，晚上来一个，清爽不负担～”,参考 the video，生成一段烟台红富士的广告片，台词和文案为:“家人们，这苹果真的绝了！又脆又甜，小朋友都抢着吃！都是新鲜现发，个个红润，真的很甜！上班来一个，解渴又提神，晚上来一个，清爽不负担～”,"{""duration"": ""15s"", ""aspect_ratio"": ""9:16"", ""prefer_multi_shots"": true}",参考原视频的农产品带货广告形式，将展示主体替换为烟台红富士苹果，并使用全新的带货台词进行配音。,Edit,"Visual: Generate a promotional video for Yantai Fuji apples, adopting a direct-sale agricultural ad format. The video should feature a sequence of close-up shots: hands holding a woven basket full of red Fuji apples, a close-up of a woman taking a big bite of a red apple showing its crispness, a display of the packaging box, an unboxing shot showing the apples neatly arranged inside, and apples hanging on a tree. The background should be a natural outdoor orchard with green leaves and branches. Audio: Use an enthusiastic, engaging e-commerce voiceover style to read the following script: '家人们，这苹果真的绝了！又脆又甜，小朋友都抢着吃！都是新鲜现发，个个红润，真的很甜！上班来一个，解渴又提神，晚上来一个，清爽不负担～'","{""visual_layer_hooks"": [""极具视觉冲击力的咬水果特写镜头，直接传递水果脆甜多汁的口感"", ""真实的果园背景和树上挂果镜头，增强原产地直发的信任感和新鲜度"", ""满满一盒的开箱展示，利用视觉丰盛感刺激购买欲""], ""audio_layer_hooks"": [""开门见山直接介绍产品核心卖点（产地、口感），没有废话"", ""使用极具煽动性和接地气的带货话术，拉近与消费者的距离""]}",90,True,,"{""assets_mapping"": [{""asset_id"": ""the video"", ""visual_layer"": {""presentation_format"": [""[P0] 农产品原产地直销广告体裁，依次包含手持果篮展示、人物大口试吃特写、外包装盒展示、开箱内部展示以及果树挂果展示等环节""], ""composition"": [""[P0] 极近距离的特写镜头，如嘴部咬下果肉的局部特写、手捧果篮的居中特写、包装盒内部排列的俯拍特写""], ""environment"": [""[P1] 户外的自然果园背景，画面中包含真实的绿叶、树枝和自然光影，营造原产地新鲜采摘的氛围""], ""subject_actions"": [""[P1] 双手捧起装满水果的编织篮，女子侧脸大口咬下水果，双手端着包装盒向镜头展示""], ""editing_techniques"": [""[P1] 多个短镜头快切拼接，节奏紧凑，全方位展示水果的外观、口感、包装和生长环境""]}, ""audio_layer"": {""dialogue_style"": [""[P1] 热情、接地气、极具感染力的电商带货口吻，清晰洪亮的AI配音风格""]}}]}","{""visual_layer_discards"": [""绿色的砀山蜜梨（青皮梨）"", ""印有“大砀山果园 青皮蜜梨”字样的包装盒""], ""audio_layer_discards"": [""原视频的所有解说台词（如“这就是我们的砀山蜜梨...”等）""]}"
社媒特效爆款_041,参考 the video 的转场，生成 Image 1 的视频,参考 the video 的转场，生成 Image 1 的视频,"{""duration"": ""11s"", ""aspect_ratio"": ""9:16"", ""prefer_multi_shots"": false}",将图片中的金发女性作为主体，复用原视频的卡点转场特效与音乐，生成一段从假人形态卡点变身为真实金发女性的视频,Reference,生成一段视频，背景设定为带有灰色幕布和专业打光灯的摄影棚。视频开始时展示一个穿着金色长裙的无脸假人，随后严格踩准原视频BGM的重音卡点，通过闪烁快切的转场特效，瞬间变身为Image 1中真实的金发白肤女性，保持华丽的金色长裙装扮和棚拍打光质感。,"{""visual_layer_hooks"": [""假人变真人的强烈视觉反差"", ""极具视觉冲击力的卡点变装"", ""红黑配色的高级感与神秘感"", ""高颜值人物的特写镜头""], ""audio_layer_hooks"": [""极具节奏感和爆发力的卡点音乐"", ""烘托神秘与惊艳氛围的英文BGM""]}",28,False,核心P0点严重缺失：1. 未实现闪烁快切卡点转场特效；2. 音频完全被替换，未使用原视频的英文BGM。此外，未实现从无脸假人变身为真实人物的视觉设定。,"{""assets_mapping"": [{""asset_id"": ""the video"", ""visual_layer"": {""editing_techniques"": [""[P0] 配合音乐重音的闪烁快切卡点转场""], ""special_effects"": [""[P1] 主体从无脸假人瞬间变为真实人物的视觉特效""], ""presentation_format"": [""[P1] 先展示非真实形态，转场后展示真实形态的对比展示手法""]}, ""audio_layer"": {""music_exact"": [""[P0] 节奏感强烈的英文BGM，带有明显的重音卡点用于配合转场""]}}, {""asset_id"": ""Image 1"", ""visual_layer"": {""entity_subject"": [""[P0] 留着波浪金色长发、皮肤白皙的女性，身穿华丽的金色长裙，上半身为镶嵌水钻亮片的透视设计，下半身为丝绸质感的垂坠褶皱裙摆""], ""environment"": [""[P1] 专业的摄影棚环境，背景为灰色幕布，画面两侧放置有带有柔光箱的摄影打光灯""], ""visual_style"": [""[P1] 高清的棚拍摄影质感，立体且明亮的人物打光""]}, ""audio_layer"": {}}]}","{""visual_layer_discards"": [""原视频中的红色背景"", ""原视频中的黑色西装男子"", ""原视频中的黑色无脸假人""], ""audio_layer_discards"": []}"
社媒特效爆款_043,参考 the video 的人物动作、音乐节奏和切镜方式，让 Image 1 的男人和 Image 2 的女人先在 Image 5 的场景中，随后切镜转场到 Image 6 的场景中，Image 1 的男人变为穿着 Image 3 的衣服， Image 2 的女人变为穿着 Image 4 的衣服，随后再切镜转场到 Image 7 的场景中。,参考 the video 的人物动作、音乐节奏和切镜方式，让 Image 1 的男人和 Image 2 的女人先在 Image 5 的场景中，随后切镜转场到 Image 6 的场景中，Image 1 的男人变为穿着 Image 3 的衣服， Image 2 的女人变为穿着 Image 4 的衣服，随后再切镜转场到 Image 7 的场景中。,"{""duration"": ""8s"", ""aspect_ratio"": ""9:16"", ""prefer_multi_shots"": true}",提取原视频的动作、音乐和卡点切镜转场，将指定的男女主角置于三个不同的指定场景中，并在场景切换时完成从古装到现代装的换装。,Reference,生成一段包含三幕的视频，全程使用the video的背景音乐，人物动作完全复刻the video中的双人舞蹈与互动，并保留其卡点切镜的转场方式。第一幕：在Image 5的古风庭院中，Image 1的男子（穿原图蓝色古装）与Image 2的女子（穿原图浅绿色古装）进行互动。第二幕：随着音乐卡点切镜，场景瞬间变为Image 6的现代咖啡馆，男子换装为Image 3的深蓝色羽绒服，女子换装为Image 4的蓝色连衣裙，继续舞蹈动作。第三幕：再次卡点切镜，场景变为Image 7的街边店铺（蜜雪冰城与瑞幸），男女主保持第二幕的现代服装继续完成剩余动作。,"{""visual_layer_hooks"": [""高颜值双人闺蜜/情侣互动"", ""极具视觉冲击力的卡点变装与场景转场"", ""古风与现代的强烈视觉反差""], ""audio_layer_hooks"": [""动感洗脑的流行舞曲BGM"", ""强烈的节奏卡点""]}",90,True,,"{""assets_mapping"": [{""asset_id"": ""the video"", ""visual_layer"": {""subject_actions"": [""[P0] 两个人物面对面站立，进行手部互动、击掌，随后转身面向镜头展示舞蹈动作""], ""editing_techniques"": [""[P0] 配合音乐节拍的快速切镜转场，实现场景和服装的瞬间无缝切换""]}, ""audio_layer"": {""music_exact"": [""[P0] 原视频中动感、节奏感强的流行背景音乐""]}}, {""asset_id"": ""Image 1"", ""visual_layer"": {""entity_subject"": [""[P0] 留着黑色长发、头戴发冠、五官清秀的年轻男子，初始穿着带有白色内衬和刺绣的浅蓝色古风长袍""]}, ""audio_layer"": {}}, {""asset_id"": ""Image 2"", ""visual_layer"": {""entity_subject"": [""[P0] 梳着古风盘发、佩戴发饰、五官温婉的年轻女子，初始穿着浅绿色古风交领长裙""]}, ""audio_layer"": {}}, {""asset_id"": ""Image 3"", ""visual_layer"": {""entity_subject"": [""[P0] 一件深蓝色的连帽羽绒服/棉服，带有黑色毛领和金属按扣（作为男子的第二套服装）""]}, ""audio_layer"": {}}, {""asset_id"": ""Image 4"", ""visual_layer"": {""entity_subject"": [""[P0] 一件蓝色的短袖衬衫式连衣裙，带有同色系腰带和纽扣（作为女子的第二套服装）""]}, ""audio_layer"": {}}, {""asset_id"": ""Image 5"", ""visual_layer"": {""environment"": [""[P0] 阳光透过树叶洒下的古风青砖庭院，角落有盆栽绿植，墙上有木制双开门""]}, ""audio_layer"": {}}, {""asset_id"": ""Image 6"", ""visual_layer"": {""environment"": [""[P0] 现代温馨的咖啡馆或餐厅室内，配有木质餐桌椅、吧台、暖色调灯光以及墙面和天花板的绿植装饰""]}, ""audio_layer"": {}}, {""asset_id"": ""Image 7"", ""visual_layer"": {""environment"": [""[P0] 现代城市街边店铺外观，左侧是红白配色的'蜜雪冰城'门店，右侧是黑白配色的'luckin coffee 瑞幸咖啡'门店，门前有灰白相间的地砖""]}, ""audio_layer"": {}}]}","{""visual_layer_discards"": [""the video中原有的两个女孩的长相与穿着"", ""the video中原有的室内白墙背景、夜景古建筑背景及走廊背景"", ""Image 1男子在第一幕之后的古装服饰"", ""Image 2女子在第一幕之后的古装服饰""], ""audio_layer_discards"": []}"
社媒特效爆款_047,参考 the video 的人物动作、音乐节奏和切镜方式，让 Image 1 中的女人站在 Image 2 的场景中，随后跳切展示 Image 1 中的女人依次换上 Image 3 中的上衣、裤子、鞋子、眼镜、手提包，随后对着镜头摆出可爱的姿势。,参考 the video 的人物动作、音乐节奏和切镜方式，让 Image 1 中的女人站在 Image 2 的场景中，随后跳切展示 Image 1 中的女人依次换上 Image 3 中的上衣、裤子、鞋子、眼镜、手提包，随后对着镜头摆出可爱的姿势。,"{""duration"": ""7s"", ""aspect_ratio"": ""9:16"", ""prefer_multi_shots"": true}",将视频中的人物替换为Image 1的女性，背景替换为Image 2的电梯，保留原视频的动作、跳切剪辑和音乐节奏，并展示其依次换上Image 3中指定服饰的过程，最后摆出可爱姿势。,Reference,生成一段视频，背景设定为Image 2的金属质感电梯内部。主体人物为Image 1中的齐刘海长发女性。视频需使用the video的背景音乐，并严格对齐其音乐节奏。人物首先在电梯内做出the video中的站立和惊讶动作，随后采用the video中的跳切剪辑手法，随着音乐节奏卡点，让该女性依次换上Image 3中的条纹针织上衣、开叉牛仔裤、白色厚底鞋、浅蓝色眼镜和红棕色手提包。换装完成后，人物需复刻the video中的动作，对着镜头摆出可爱的姿势。,"{""visual_layer_hooks"": [""高颜值美女的视觉吸引力"", ""反差感极强的瞬间换装视觉冲击"", ""修长双腿与优越身材比例的展示"", ""卡点跳切带来的爽快节奏感""], ""audio_layer_hooks"": [""具有强节奏感和律动性的背景音乐"", ""带有互动感的人声对白（'miss you forgot something'）增加剧情悬念""]}",89.5,False,P0级别参考点缺失：换装过程中未能按指令换上 Image 3 中的“白色厚底运动鞋”，人物脚上依然是初始的黑色靴子。,"{""assets_mapping"": [{""asset_id"": ""the video"", ""visual_layer"": {""subject_actions"": [""[P0] 视频中人物的动作序列，包括初始的站立、惊讶捂嘴，以及换装后单腿翘起、手抚摸脸颊等对着镜头摆出的可爱姿势""], ""editing_techniques"": [""[P0] 配合音乐节奏的跳切（Jump Cut）换装剪辑方式，实现瞬间服装变换的视觉效果""]}, ""audio_layer"": {""music_exact"": [""[P0] 视频中原有的背景音乐，需保留其特定的节奏感以配合跳切换装""]}}, {""asset_id"": ""Image 1"", ""visual_layer"": {""entity_subject"": [""[P0] 具有齐刘海、黑色长直发的年轻亚洲女性的面部五官特征、肤色及匀称的身形比例""]}, ""audio_layer"": {}}, {""asset_id"": ""Image 2"", ""visual_layer"": {""environment"": [""[P0] 现代感强烈的电梯内部空间，包含古铜色金属拉丝墙面、顶部矩形LED照明灯带以及背部的镜面反射效果""]}, ""audio_layer"": {}}, {""asset_id"": ""Image 3"", ""visual_layer"": {""entity_subject"": [""[P0] 红棕白相间的条纹翻领针织长袖短上衣"", ""[P0] 具有正面交叉开叉设计感的宽松牛仔长裤"", ""[P0] 带有复杂纹理的白色厚底运动鞋"", ""[P0] 浅蓝色粗边框眼镜"", ""[P0] 带有浅蓝色手柄和拉链细节的红棕色亮面手提包""]}, ""audio_layer"": {}}]}","{""visual_layer_discards"": [""the video中的原女性人物面部及身形"", ""the video中的室内房间背景"", ""the video中的白色吊带、白色短裤、黑色露肩上衣、黑白格子裙、黑色贝雷帽等原服装及配饰"", ""Image 1中女性原有的深蓝色牛仔外套、酒红色V领内搭、黑色紧身裤及黑色马丁靴（在换装环节被明确替换）""], ""audio_layer_discards"": []}"
社媒特效爆款_048,参考 the video 的人物动作、音乐节奏、场景和切镜方式，让 Image 1 中的女人的衣服变装为 Image 2 中的衣服。,参考 the video 的人物动作、音乐节奏、场景和切镜方式，让 Image 1 中的女人的衣服变装为 Image 2 中的衣服。,"{""duration"": ""8s"", ""aspect_ratio"": ""9:16"", ""prefer_multi_shots"": true}",将原视频中的主角替换为Image 1中的长发女孩，保留原视频的场景、动作、音乐和卡点转场方式，并实现从Image 1的校服到Image 2深蓝色棉服的变装效果。,Reference,生成一段变装视频，主角替换为Image 1中的长发女孩。前半段女孩身穿Image 1中的白色校服，处于the video前半段的明亮室内场景中，执行在桌前写字并撕开纸张的动作；在撕纸瞬间，严格对齐the video的原版BGM进行卡点转场，触发变装特效；后半段场景切换为the video后半段的昏暗背景，女孩瞬间换上Image 2中的深蓝色棉服外套，并摆出原视频变装后的单手扶框姿势。全程需完美复刻the video的音乐节奏与切镜方式。,"{""visual_layer_hooks"": [""极具反差感的变装设计（从日常居家到精致造型）"", ""撕纸动作作为转场触发点的创意互动"", ""卡点快切带来的强烈视觉冲击力""], ""audio_layer_hooks"": [""节奏感极强的重低音BGM"", ""与视觉转场完美契合的卡点音效，营造极度舒适的视听爽感""]}",100,True,,"{""assets_mapping"": [{""asset_id"": ""the video"", ""visual_layer"": {""environment"": [""[P0] 变装前明亮的室内环境（包含米色沙发、反光玻璃桌、大熊玩偶等）"", ""[P0] 变装后带有边框的昏暗室内背景""], ""subject_actions"": [""[P0] 变装前坐在桌前用笔写字、随后双手将纸张从中间撕开的动作"", ""[P0] 变装后单手扶着上方边框、身体微侧的定格姿势""], ""editing_techniques"": [""[P0] 配合音乐重音的快速卡点转场剪辑方式""], ""special_effects"": [""[P0] 撕开纸张瞬间触发的画面震动与快速变装视觉特效""]}, ""audio_layer"": {""music_exact"": [""[P0] 原视频中带有强烈节奏感、用于配合变装卡点的动感BGM""]}}, {""asset_id"": ""Image 1"", ""visual_layer"": {""entity_subject"": [""[P0] 拥有长直发、清纯五官的年轻亚洲女性面部特征及发型"", ""[P0] 变装前穿着的白色带领短袖校服（带有蓝色滚边和胸前徽章）""]}, ""audio_layer"": {}}, {""asset_id"": ""Image 2"", ""visual_layer"": {""entity_subject"": [""[P0] 深蓝色、带有黑色毛领兜帽、正面有金属按扣的厚实绗缝棉服外套（作为变装后的服饰）""]}, ""audio_layer"": {}}]}","{""visual_layer_discards"": [""the video中原人物的面部特征、金色短发、黑色T恤及黑色无袖紧身衣"", ""Image 1中的学校操场及背景人物""], ""audio_layer_discards"": []}"
社媒特效爆款_055,参考 the video 的人物动作、音乐节奏、场景和切镜方式，让 Image 1 中的女人在the video 的场景中，打开纸条后切镜转场为 Image 2 的场景，女人在海滩上背对镜头行走。,参考 the video 的人物动作、音乐节奏、场景和切镜方式，让 Image 1 中的女人在the video 的场景中，打开纸条后切镜转场为 Image 2 的场景，女人在海滩上背对镜头行走。,"{""duration"": ""8s"", ""aspect_ratio"": ""16:9"", ""prefer_multi_shots"": true}",将Image 1的女性角色代入the video的前半段动作与场景中，并在打开纸条时配合原视频音乐节奏切镜转场至Image 2的海滩场景中背影行走。,Reference,视觉层：前半段保持the video的室内木桌场景，主体替换为Image 1中的校服长发女孩，女孩执行打开盒子并展开纸条的动作；在纸条展开瞬间触发切镜转场；后半段转场至Image 2的海滩场景，女孩（穿着Image 2的灰色薄纱长裙）背对镜头在沙滩上光脚行走并手持花束。音频层：提取并全程使用the video的背景音乐，确保视觉转场与音乐的节奏卡点完美契合。,"{""visual_layer_hooks"": [""充满悬念的纸条道具特写"", ""极具视觉冲击力和反差感的华丽特效转场（从日常瞬间切换至宏大华丽的教堂婚纱场景）"", ""羽毛飞舞的粒子特效增强画面张力""], ""audio_layer_hooks"": [""情绪饱满、极具爆发力的流行音乐高潮片段"", ""音乐鼓点与画面转场的高度契合，营造强烈的视听爽感""]}",0,False,,"{""assets_mapping"": [{""asset_id"": ""the video"", ""visual_layer"": {""environment"": [""[P0] 视频前半段的室内环境，包含浅色木质桌面、白墙以及后方的黑色电视屏幕""], ""subject_actions"": [""[P0] 人物坐在桌前，双手打开桌上的小盒子，取出一张折叠的纸条并将其展开""], ""editing_techniques"": [""[P0] 以人物打开纸条的动作作为触发点，进行前后的切镜转场""]}, ""audio_layer"": {""music_exact"": [""[P0] 视频中原有的带有强烈情感起伏和节奏感的高潮背景音乐及人声演唱""]}}, {""asset_id"": ""Image 1"", ""visual_layer"": {""entity_subject"": [""[P0] 一位年轻清纯的亚洲女性，五官精致甜美，留着微卷的深棕色长发，身穿带有蓝色条纹边缘的白色翻领短袖校服""]}, ""audio_layer"": {}}, {""asset_id"": ""Image 2"", ""visual_layer"": {""environment"": [""[P0] 阳光明媚的海滩场景，包含沙滩、蓝色的海水、白色的海浪，以及背景中远处的城市建筑天际线""], ""subject_actions"": [""[P0] 人物光脚走在沙滩海水交界处，背对镜头向前方行走，一手提着裙摆，一手拿着一束白花""], ""entity_subject"": [""[P1] 人物身穿的灰色吊带多层薄纱长裙""]}, ""audio_layer"": {}}]}","{""visual_layer_discards"": [""the video 中原有的身穿粉色睡衣的长发女性"", ""the video 中后半段的教堂场景、婚纱以及羽毛飞舞的视觉特效""], ""audio_layer_discards"": []}"
社媒特效爆款_059,参考 the video 的人物动作、音乐、运镜节奏和手部遮挡的切镜方式，让 Image 1 中的女人在 Image 2 的场景中背对镜头向前走，随后切镜转场为 Image 3 中的女人在海滩边上向前行走。,参考 the video 的人物动作、音乐、运镜节奏和手部遮挡的切镜方式，让 Image 1 中的女人在 Image 2 的场景中背对镜头向前走，随后切镜转场为 Image 3 中的女人在海滩边上向前行走。,"{""duration"": ""9s"", ""aspect_ratio"": ""9:16"", ""prefer_multi_shots"": true}",提取原视频的运镜、转场手法和音乐，将三张图片的人物与场景进行融合，生成一段带有手部遮挡转场效果的跨场景行走视频。,Reference,生成一段带有手部遮挡转场效果的视频。前半段：让Image 1中的白校服长发女孩置身于Image 2的现代简约客厅中，背对镜头向前走。随后，一只手伸向镜头并完全遮挡画面进行切镜转场。后半段：转场结束后，画面变为Image 3中的灰裙女孩在海滩上背对镜头向前走。全程保持the video中跟随人物推进的运镜节奏，并完全复用the video中的动感女声BGM。,"{""visual_layer_hooks"": [""第一人称视角的强代入感"", ""手部遮挡镜头的无缝丝滑转场"", ""现代白裙到古装红裙的强烈视觉反差与变装效果""], ""audio_layer_hooks"": [""节奏感强烈的动感女声BGM，极具洗脑和带动情绪的效果""]}",86,False,前半段视频中，人物未穿着指定的带有蓝色条纹点缀的白色短袖翻领校服，仅穿着普通纯白色短袖，未能精准命中关于人物服饰的P0核心参考点。,"{""assets_mapping"": [{""asset_id"": ""the video"", ""visual_layer"": {""subject_actions"": [""[P0] 画面中人物背对镜头向前行走的动作"", ""[P0] 第一人称视角下，一只手伸向镜头并完全遮挡画面的动作""], ""camera_movement"": [""[P0] 镜头跟随人物向前平稳推进的运动节奏""], ""editing_techniques"": [""[P0] 利用手部完全遮挡镜头作为过渡的切镜转场手法""], ""composition"": [""[P1] 第一人称视角的跟随构图""]}, ""audio_layer"": {""music_exact"": [""[P0] 原视频中节奏动感的女声流行歌曲BGM""]}}, {""asset_id"": ""Image 1"", ""visual_layer"": {""entity_subject"": [""[P0] 留着微卷长发、面容清秀的年轻女孩，身穿带有蓝色条纹点缀的白色短袖翻领校服""]}, ""audio_layer"": {}}, {""asset_id"": ""Image 2"", ""visual_layer"": {""environment"": [""[P0] 现代简约风格的明亮室内客厅，包含米白色布艺沙发、圆形小茶几、灰色电视背景墙、暖色调灯光以及角落的绿植""]}, ""audio_layer"": {}}, {""asset_id"": ""Image 3"", ""visual_layer"": {""entity_subject"": [""[P0] 披散着长发的女孩，身穿灰色多层薄纱吊带长裙，左手提着裙摆，右手持着一束白花，光着脚""], ""environment"": [""[P0] 阳光明媚的开阔海滩，脚下是湿润的沙滩和白色的海浪，背景是蔚蓝的大海和远处的城市建筑群天际线""], ""subject_actions"": [""[P0] 光脚在沙滩上背对镜头向前行走的动作""]}, ""audio_layer"": {}}]}","{""visual_layer_discards"": [""the video中的白裙女孩和红裙古装女子"", ""the video中的室内走廊和古建筑走廊场景"", ""Image 1中的学校操场背景""], ""audio_layer_discards"": []}"
社媒特效爆款_067,参考 the video 的剧情内容，将 the video 的白猫换成 Image 1 中的女人，将灰猫换成 Image 2 中的女人。,参考 the video 的剧情内容，将 the video 的白猫换成 Image 1 中的女人，将灰猫换成 Image 2 中的女人。,"{""duration"": ""13s"", ""aspect_ratio"": ""9:16"", ""prefer_multi_shots"": false}",保留原视频的剧情对话与场景动作，将视频中的白猫替换为Image 1中的金发女医生，灰猫替换为Image 2中的丧尸女。,Edit,保持the video的室内客厅背景、固定机位和双主体构图，保留原视频完整的对话音频、魔性笑声及打斗音效。将左侧的白猫替换为Image 1中的金发护目镜白大褂女性，将右侧的灰猫替换为Image 2中的丧尸风格黑裙女性。让左侧的金发女性演绎原白猫的台词并仰头大笑，右侧的丧尸女性倾听后突然伸手打向金发女性，随后两人倒地扭打。,"{""visual_layer_hooks"": [""宠物拟人化互动"", ""极具反差感的突然肢体冲突（一巴掌打断施法）"", ""夸张的仰头大笑动作""], ""audio_layer_hooks"": [""经典的谐音梗冷笑话（欺骗/七片）"", ""极具感染力和魔性洗脑的狂笑声"", ""清脆突兀的打斗动作音效""]}",58,False,生成视频在后半段人物倒地扭打时出现严重的画面崩坏和特征残留（幻觉），左侧金发女性长出了猫尾巴，右侧丧尸女性腿部严重形变且未按要求穿着黑色高跟鞋，未能完美将原视频中的猫咪主体替换为人类。,"{""assets_mapping"": [{""asset_id"": ""the video"", ""visual_layer"": {""subject_actions"": [""[P0] 左侧主体先进行说话，随后仰头夸张大笑；右侧主体先转头倾听，随后突然伸出手打向左侧主体的头，最后两者倒在地上扭打在一起""], ""environment"": [""[P1] 室内明亮的客厅环境，背景有灰色现代沙发、大面积落地窗、阳光光影以及浅色地毯""], ""camera_movement"": [""[P1] 固定机位拍摄，无明显镜头运动""], ""composition"": [""[P1] 双主体并排坐在画面中央的中景构图，左侧主体在左，右侧主体在右""]}, ""audio_layer"": {""dialogue_content"": [""[P0] 完全复用原视频的对话文本：'假如生活欺骗了你，那你就去吃披萨。' '为什么？' '因为披萨只有6片和8片，没有欺骗哈哈哈哈。'""], ""dialogue_style"": [""[P1] 保留原视频中戏谑、搞笑的语气，以及最后极其魔性、夸张的大笑声""], ""sound_effects"": [""[P1] 保留最后主体之间互相打闹、拍打的动作音效""]}}, {""asset_id"": ""Image 1"", ""visual_layer"": {""entity_subject"": [""[P0] 一位金发白种女性，身穿白色实验大褂（左胸印有蓝色Gorve字样），内搭白色上衣，戴着透明护目镜，面容清秀""]}, ""audio_layer"": {}}, {""asset_id"": ""Image 2"", ""visual_layer"": {""entity_subject"": [""[P0] 一位丧尸风格的女性，披散着黑色长发，皮肤极其苍白且布满青色血管，双眼翻白，身穿白色长袖衬衫和黑色开叉包臀短裙，脚穿黑色高跟鞋""]}, ""audio_layer"": {}}]}","{""visual_layer_discards"": [""原视频中的白猫"", ""原视频中的灰猫""], ""audio_layer_discards"": []}"
经典影视_100,复刻 the video 的战斗动作、音效和分镜，把 the video 中的拿长枪的人物当作 Image 1 ，把 the video 中穿绿色衣服的人物当作 Image 2 ，生成在 Image 4 中， Image 1 和手拿 Image 3 的 Image 2 打斗的视频。,复刻 the video 的战斗动作、音效和分镜，把 the video 中的拿长枪的人物当作 Image 1 ，把 the video 中穿绿色衣服的人物当作 Image 2 ，生成在 Image 4 中， Image 1 和手拿 Image 3 的 Image 2 打斗的视频。,"{""duration"": ""15s"", ""aspect_ratio"": ""16:9"", ""prefer_multi_shots"": true}",将原视频的战斗动作、分镜和音效，套用到由多张图片指定的新人物、新武器和新科幻场景中，生成全新的写实科幻战斗视频。,Reference,以科幻写实CG画风，生成一段两名女性在外星荒漠中激烈战斗的视频。场景设定为红褐色岩石地貌的外星荒漠，天空有巨大红色星球和紫蓝色星云（参考Image 4）。战斗双方为：一方是短发、穿银黄相间紧身战斗服的女性（参考Image 1），手持银色长枪；另一方是长发、穿银色夹克和黑色紧身裤的女性（参考Image 2），手持带有金色雕花的长剑（参考Image 3）。完全复刻原视频（the video）中两人从冲刺、交锋到近身格斗的整套动作连招，并严格保持原视频的运镜轨迹、分镜构图及快切节奏。保留原视频中武器碰撞的火花特效及气流烟尘。音频方面，完全对齐原视频的武器碰撞声、挥舞破空声、脚步声及背景音乐。,"{""visual_layer_hooks"": [""极具张力的2D国风武侠战斗动画表现"", ""行云流水的攻防转换与硬核的武术动作设计"", ""配合动作的夸张透视与极具冲击力的动态运镜""], ""audio_layer_hooks"": [""刀剑相交时清脆且高频的金属碰撞声，极具爽感"", ""配合快节奏画面的紧凑鼓点BGM，有效烘托紧张刺激的战斗氛围""]}",98,True,,"{""assets_mapping"": [{""asset_id"": ""the video"", ""visual_layer"": {""subject_actions"": [""[P0] 两个人物之间激烈、快节奏的武术格斗动作，包括持武器冲刺、跳跃劈砍、转身格挡、近身踢踹等连贯招式""], ""composition"": [""[P0] 极具张力的战斗分镜，包含全景的对峙、动作特写、夸张的透视角度以及快速的镜头切换""], ""camera_movement"": [""[P0] 配合人物战斗动作的快速推拉摇移，以及跟随武器挥舞轨迹的动态运镜""], ""special_effects"": [""[P1] 武器碰撞时产生的耀眼火花、刀光剑影的拖尾光效，以及人物快速移动带起的烟尘和气流特效""]}, ""audio_layer"": {""sound_effects"": [""[P0] 密集的武器挥舞破空声、清脆的金属碰撞声、沉重的脚步声以及人物发力时的呼喝声""], ""music_exact"": [""[P1] 节奏紧凑、带有紧张感的战斗背景音乐""]}}, {""asset_id"": ""Image 1"", ""visual_layer"": {""entity_subject"": [""[P0] 留着黑色齐耳短发、面容精致的年轻女性，身穿银色与淡黄色相间的充满科技感的紧身战斗服""], ""environment"": [""[P1] 手持一把银色金属质感的长枪，枪杆带有黄色飘带""]}, ""audio_layer"": {}}, {""asset_id"": ""Image 2"", ""visual_layer"": {""entity_subject"": [""[P0] 留着黑色长直发、面容冷峻的年轻女性，身穿银色亮面短款夹克、黑色紧身内搭、黑色紧身长裤和黑色短靴""]}, ""audio_layer"": {}}, {""asset_id"": ""Image 3"", ""visual_layer"": {""environment"": [""[P0] 一把中国传统风格的长剑，剑身修长锋利，剑柄和护手带有精美的金色雕花装饰""]}, ""audio_layer"": {}}, {""asset_id"": ""Image 4"", ""visual_layer"": {""environment"": [""[P0] 浩瀚的外星荒漠场景，地面是红褐色的岩石和沙土，天空中悬挂着一颗巨大的红色星球，并伴有绚丽的紫色和蓝色星云""], ""visual_style"": [""[P1] 具有科幻史诗感的写实CG渲染画风，色彩对比强烈""]}, ""audio_layer"": {}}]}","{""visual_layer_discards"": [""原视频中手持长枪的古代男性人物外观"", ""原视频中身穿绿衣、头戴斗笠的古代人物外观"", ""原视频中的木桥及云雾缭绕的山水背景"", ""原视频中绿衣人物所使用的刀类武器"", ""原视频的2D手绘动画画风""], ""audio_layer_discards"": []}"
经典影视_101,复刻 the video 的战斗动作、音效和分镜，把 the video 中的黑色皮肤的人物当作 Image 1 ，把 the video 中的白色皮肤的人物当作 Image 2 ，生成 Image 1 和 Image 2 在 Image 3 的场景中战斗的视频,复刻 the video 的战斗动作、音效和分镜，把 the video 中的黑色皮肤的人物当作 Image 1 ，把 the video 中的白色皮肤的人物当作 Image 2 ，生成 Image 1 和 Image 2 在 Image 3 的场景中战斗的视频,"{""duration"": ""15s"", ""aspect_ratio"": ""16:9"", ""prefer_multi_shots"": true}",将原视频中的两个战斗角色分别替换为Image 1和Image 2中的角色，并将背景替换为Image 3的峡谷场景，同时完美复刻原视频的战斗动作、分镜和音效,Edit,以 the video 为基础进行视频重绘。将原视频中的黑皮肤人物替换为 Image 1 中的角色，将白皮肤人物替换为 Image 2 中的穿着蓝色中式练功服的棕熊，将战斗背景替换为 Image 3 中的险峻峡谷与湍急河流场景。在生成过程中，必须严格复刻 the video 的所有战斗动作、运镜轨迹、分镜构图与剪辑节奏，并完美保留原视频的战斗打击音效与环境音。,"{""visual_layer_hooks"": [""极具张力的透视构图与高速流畅的战斗动作"", ""强烈的视觉冲击力与快节奏的动作分镜剪辑""], ""audio_layer_hooks"": [""拳拳到肉的沉重打击音效"", ""配合高燃战斗画面的能量爆发与破空声效""]}",66.5,False,生成的视频完全丢失了音频，未能满足[P0]级别强制保留原视频战斗音效的要求。,"{""assets_mapping"": [{""asset_id"": ""the video"", ""visual_layer"": {""subject_actions"": [""[P0] 保留原视频中两个角色的激烈战斗动作，包括空中飞行、俯冲、挥拳攻击、释放能量波、近身肉搏及受击反应等""], ""camera_movement"": [""[P0] 保留原视频的动态运镜，包括跟随角色高速移动的镜头、快速推拉以及视角的剧烈旋转""], ""composition"": [""[P0] 保留原视频的分镜构图，包括角色的面部特写、极具张力的透视构图、俯视与仰视视角的切换""], ""editing_techniques"": [""[P0] 保留原视频的剪辑节奏，包括动作卡点的快速切换和连贯的战斗转场""], ""special_effects"": [""[P1] 保留原视频中的战斗视觉特效，如能量光波、气流冲击、碎石飞溅和光影闪烁""]}, ""audio_layer"": {""sound_effects"": [""[P0] 强制保留原视频中的所有战斗音效，包括拳脚相加的沉重打击声、能量爆发的轰鸣声、高速移动的破空声等""], ""ambient_sound"": [""[P1] 保留原视频中伴随战斗的环境底噪""]}}, {""asset_id"": ""Image 1"", ""visual_layer"": {""entity_subject"": [""[P0] 作为替换原视频中黑皮肤、戴火焰面具人物的新角色外观参考（依据用户指令占位）""]}, ""audio_layer"": {}}, {""asset_id"": ""Image 2"", ""visual_layer"": {""entity_subject"": [""[P0] 拟人化的棕熊，体型健硕，身穿蓝色中式对襟练功服，衣服上有精美暗纹，腰系黄色腰带和带有小熊图案的红色护腰，侧面挂着一个木质葫芦，背后印有金色的“熊”字，脚穿黑色布鞋。作为替换原视频中白发白肤长翅膀人物的新角色外观参考""]}, ""audio_layer"": {}}, {""asset_id"": ""Image 3"", ""visual_layer"": {""environment"": [""[P0] 幽深险峻的峡谷场景，两侧是陡峭高耸的岩壁，岩石上长满绿色植被，谷底有湍急的白色河流，远处有云雾缭绕的山峰，整体氛围阴沉且气势磅礴。作为全新的战斗背景""]}, ""audio_layer"": {}}]}","{""visual_layer_discards"": [""原视频中黑皮肤戴火焰面具人物的外观特征"", ""原视频中白发白肤长翅膀人物的外观特征"", ""原视频中的山地背景""], ""audio_layer_discards"": []}"
经典影视_99,复刻 the video 的战斗动作、音效和分镜，把 the video 中的黑色皮肤的人物当作 Image 1 ，把 the video 中的白色皮肤的人物当作 Image 2 。,复刻 the video 的战斗动作、音效和分镜，把 the video 中的黑色皮肤的人物当作 Image 1 ，把 the video 中的白色皮肤的人物当作 Image 2 。,"{""duration"": ""15s"", ""aspect_ratio"": ""16:9"", ""prefer_multi_shots"": true}",将原视频中的两名战斗角色分别替换为提供的两张图片中的人物，同时完美复刻原视频的战斗动作、分镜设计与音效。,Edit,生成一段2D动画风格的高速战斗视频。将原视频中冒火的黑肤角色替换为Image 1中的红夹克黑卷发战损男子，将带翅膀的白肤角色替换为Image 2中的黑衣刀疤脸马尾男子。严格复刻原视频中的空中冲刺、近身肉搏与重击砸地等所有战斗动作。保持原视频的大透视构图、极速跟随运镜与快切剪辑节奏。保留废墟背景及战斗产生的气流、冲击波等视觉特效。音频层严格对齐原视频，保留所有破空声、沉重打击音效及战斗BGM。,"{""visual_layer_hooks"": [""极具视觉冲击力的大透视夸张构图"", ""行云流水且充满力量感的高速战斗作画"", ""华丽且张力十足的能量碰撞与气流特效""], ""audio_layer_hooks"": [""拳拳到肉、极具爆发力的沉重打击音效"", ""完美契合动作卡点的高频破空声""]}",0,False,,"{""assets_mapping"": [{""asset_id"": ""the video"", ""visual_layer"": {""subject_actions"": [""[P0] 两个角色之间极具爆发力的高速战斗动作，包括空中冲刺、近身挥拳、踢腿交锋、能量对撞以及最终将对手重击砸向地面的连贯动作""], ""camera_movement"": [""[P0] 配合战斗节奏的极速跟随运镜，包含高速平移、旋转环绕镜头以及强调冲击力的快速推拉镜头""], ""composition"": [""[P0] 充满张力的大透视战斗构图，包含角色面部与动作的特写镜头、夸张的肢体形变定格以及展现宏大战斗环境的广角全景""], ""editing_techniques"": [""[P0] 配合动作打击点与音效的快速剪辑，包含高频的场景快切与动作衔接""], ""visual_style"": [""[P1] 带有强烈色彩对比、动态模糊以及粗犷线条的2D热血动画风格""], ""environment"": [""[P1] 阴沉压抑的暗色调天空，以及布满碎石、枯木的荒芜废墟与山崖背景""], ""special_effects"": [""[P1] 战斗过程中产生的高速气流拖尾、强烈的冲击波、能量碰撞的光效以及碎石飞溅的物理特效""]}, ""audio_layer"": {""sound_effects"": [""[P0] 角色高速移动时的尖锐破空声、拳脚相交时的沉重打击音效、能量爆发的轰鸣声以及最终砸碎地面的巨大碎裂声""], ""music_exact"": [""[P1] 原视频中用于烘托紧张激烈战斗氛围的背景音乐""], ""ambient_sound"": [""[P1] 战场环境中呼啸的风声与低沉的环境底噪""]}}, {""asset_id"": ""Image 1"", ""visual_layer"": {""entity_subject"": [""[P0] 一个年轻的亚洲男性，留着黑色凌乱卷发，面容冷峻，身穿红色拉链夹克（敞开）、白色内搭T恤、黑色多口袋工装裤和黑色做旧运动鞋，脸部和衣物上带有战损污渍痕迹""]}, ""audio_layer"": {}}, {""asset_id"": ""Image 2"", ""visual_layer"": {""entity_subject"": [""[P0] 一个强壮的男性，留着黑色长发并扎成高马尾，左眼穿过一道长长的刀疤，面带狂野邪魅的笑容，身穿黑色夹克（背后印有骷髅和'DK'字样）、黑色内搭、黑色长裤和带金边的黑色运动鞋，佩戴粗大的金项链和金耳环""]}, ""audio_layer"": {}}]}","{""visual_layer_discards"": [""原视频中浑身燃烧着火焰、带有橙色发光纹路的黑色皮肤人物的外观特征"", ""原视频中长着白色羽毛翅膀、白发、身穿青色服饰的白色皮肤人物的外观特征""], ""audio_layer_discards"": []}"
